customer_id,monthly_spend,data_usage_gb,call_minutes,complaints,tenure_months,country
CUST-10000,12.47,5.27,148,1,112,Spain
CUST-10001,9.37,7.84,131,1,64,Spain
CUST-10002,13.35,1.62,132,2,60,United Kingdom
CUST-10003,19.79,9.98,30,0,57,Spain
CUST-10004,8.98,13.16,480,0,113,Spain
CUST-10005,8.98,15.44,156,0,95,Spain
CUST-10006,20.3,2.23,87,0,70,Spain
CUST-10007,14.09,4.91,217,0,99,Spain
CUST-10008,8.07,14.53,92,3,52,United Kingdom
CUST-10009,12.73,7.57,298,1,56,Spain
CUST-10010,8.1,12.97,89,4,63,Spain
CUST-10011,8.09,3.23,271,0,68,Italy
CUST-10012,11.12,19.4,130,1,104,Italy
CUST-10013,5.0,3.02,198,1,20,Spain
CUST-10014,5.0,9.79,284,0,105,Spain
CUST-10015,7.74,9.96,108,0,54,United Kingdom
CUST-10016,6.32,6.08,280,0,1,France
CUST-10017,11.49,11.78,32,0,109,Italy
CUST-10018,6.63,12.0,416,0,90,United Kingdom
CUST-10019,5.28,11.19,312,0,98,France
CUST-10020,19.29,6.0,152,0,119,Germany
CUST-10021,9.01,5.19,348,0,10,United Kingdom
CUST-10022,10.28,6.47,325,2,23,Spain
CUST-10023,5.25,4.67,163,3,51,United Kingdom
CUST-10024,7.81,17.08,161,2,113,Spain
CUST-10025,10.48,6.88,78,3,24,Spain
CUST-10026,5.94,9.61,169,1,13,Germany
CUST-10027,11.81,14.49,44,1,29,Spain
CUST-10028,7.61,4.5,269,1,58,Spain
CUST-10029,8.75,2.91,272,2,110,Germany
CUST-10030,7.61,4.68,32,1,91,United Kingdom
CUST-10031,22.95,10.31,391,1,95,Spain
CUST-10032,9.91,9.86,101,1,43,Spain
CUST-10033,6.2,11.17,810,2,10,Spain
CUST-10034,14.44,8.07,191,1,31,Spain
CUST-10035,5.76,0.78,394,0,103,Germany
CUST-10036,10.96,7.9,76,0,74,Spain
CUST-10037,5.0,15.68,129,2,88,France
CUST-10038,5.49,18.17,108,0,97,Spain
CUST-10039,10.9,9.2,43,0,14,Italy
CUST-10040,13.91,9.88,55,1,99,France
CUST-10041,10.77,12.82,148,0,109,Italy
CUST-10042,9.47,17.86,212,1,34,United Kingdom
CUST-10043,8.71,8.67,69,2,17,Germany
CUST-10044,5.13,12.71,123,2,21,Germany
CUST-10045,7.21,5.81,92,2,96,France
CUST-10046,8.11,3.28,155,0,67,Spain
CUST-10047,16.05,6.26,255,2,58,Spain
CUST-10048,11.64,20.34,175,2,79,Spain
CUST-10049,5.0,12.87,104,2,8,Spain
CUST-10050,11.54,3.54,318,0,96,France
CUST-10051,8.39,13.24,207,0,38,France
CUST-10052,7.36,3.76,179,4,26,United Kingdom
CUST-10053,13.13,11.08,70,2,64,Spain
CUST-10054,15.86,4.37,297,1,30,Spain
CUST-10055,15.17,3.38,222,4,9,Spain
CUST-10056,6.84,22.38,230,1,32,United Kingdom
CUST-10057,8.68,6.87,138,3,11,Germany
CUST-10058,11.58,12.73,120,3,86,Spain
CUST-10059,15.47,8.91,481,0,34,France
CUST-10060,8.04,4.0,119,0,105,United Kingdom
CUST-10061,9.17,7.39,59,3,18,Italy
CUST-10062,6.06,4.03,185,1,19,Spain
CUST-10063,5.82,32.05,162,3,54,United Kingdom
CUST-10064,14.38,14.16,328,2,82,Spain
CUST-10065,18.36,8.8,146,0,37,Spain
CUST-10066,9.66,12.3,250,0,82,United Kingdom
CUST-10067,15.67,13.6,408,0,12,Germany
CUST-10068,11.74,13.62,213,1,4,Spain
CUST-10069,7.46,13.26,73,0,111,Spain
CUST-10070,11.74,12.64,217,0,43,France
CUST-10071,19.93,9.28,125,1,27,United Kingdom
CUST-10072,9.81,21.36,194,1,51,United Kingdom
CUST-10073,20.17,9.67,162,0,5,Germany
CUST-10074,5.0,8.97,57,1,6,United Kingdom
CUST-10075,14.44,9.73,145,0,77,France
CUST-10076,10.37,10.18,70,0,87,France
CUST-10077,8.72,2.25,112,2,106,Germany
CUST-10078,10.39,4.65,296,0,56,France
CUST-10079,5.0,8.07,172,2,89,Spain
CUST-10080,9.04,2.15,240,3,110,Spain
CUST-10081,11.71,8.79,182,1,68,Italy
CUST-10082,19.4,10.1,132,2,116,Spain
CUST-10083,7.9,3.16,194,5,119,France
CUST-10084,6.93,5.52,37,2,96,Germany
CUST-10085,7.96,18.61,269,0,44,France
CUST-10086,15.06,12.38,85,1,15,United Kingdom
CUST-10087,11.56,11.94,230,1,90,Spain
CUST-10088,7.86,17.26,128,0,42,United Kingdom
CUST-10089,12.57,4.72,57,1,11,Spain
CUST-10090,10.42,3.17,97,2,73,Italy
CUST-10091,15.42,15.88,231,0,11,France
CUST-10092,7.27,8.23,581,1,66,Germany
CUST-10093,8.61,4.62,155,2,109,United Kingdom
CUST-10094,8.36,2.23,538,1,27,Spain
CUST-10095,5.16,9.8,37,0,118,Spain
CUST-10096,11.4,7.6,135,0,58,Spain
CUST-10097,11.22,6.73,155,3,90,United Kingdom
CUST-10098,10.0,1.08,239,0,72,United Kingdom
CUST-10099,8.97,21.19,100,3,21,United Kingdom
CUST-10100,5.28,2.7,207,0,21,United Kingdom
CUST-10101,8.25,7.19,140,5,72,Italy
CUST-10102,8.55,6.38,358,3,1,Spain
CUST-10103,6.95,12.61,185,0,102,France
CUST-10104,9.28,2.25,768,1,58,Spain
CUST-10105,11.96,11.68,141,1,13,United Kingdom
CUST-10106,23.31,9.83,343,0,73,Spain
CUST-10107,10.79,5.32,415,1,92,France
CUST-10108,11.2,11.42,11,1,6,Spain
CUST-10109,9.65,8.78,267,1,111,Spain
CUST-10110,5.0,24.22,137,3,87,Germany
CUST-10111,9.86,7.59,65,0,112,Spain
CUST-10112,10.25,4.17,362,0,100,United Kingdom
CUST-10113,30.22,11.76,105,0,58,United Kingdom
CUST-10114,9.15,6.95,35,1,17,United Kingdom
CUST-10115,11.42,8.66,189,1,73,France
CUST-10116,9.82,3.19,397,0,12,France
CUST-10117,5.89,12.74,66,0,86,Spain
CUST-10118,16.68,6.18,290,2,115,Spain
CUST-10119,13.99,10.33,26,0,52,Germany
CUST-10120,14.24,27.84,416,1,76,United Kingdom
CUST-10121,6.62,7.29,216,1,118,Italy
CUST-10122,18.75,13.83,60,1,70,United Kingdom
CUST-10123,5.31,7.64,273,1,108,France
CUST-10124,12.99,5.38,109,1,73,Italy
CUST-10125,26.73,19.01,78,0,52,France
CUST-10126,6.39,1.67,108,3,37,United Kingdom
CUST-10127,7.73,16.06,255,4,117,France
CUST-10128,10.43,1.47,74,2,3,United Kingdom
CUST-10129,7.95,15.06,16,1,98,France
CUST-10130,5.0,8.75,112,1,8,Spain
CUST-10131,10.29,4.18,372,0,10,France
CUST-10132,6.18,6.48,369,1,47,Spain
CUST-10133,12.34,13.37,108,3,41,Spain
CUST-10134,6.59,26.29,105,2,64,France
CUST-10135,20.03,2.33,99,1,42,Spain
CUST-10136,7.01,4.38,96,1,43,Germany
CUST-10137,8.63,2.96,101,2,9,Germany
CUST-10138,14.38,7.6,195,0,14,Italy
CUST-10139,5.73,15.3,378,2,101,France
CUST-10140,11.05,2.62,74,1,91,United Kingdom
CUST-10141,17.96,8.6,86,2,105,United Kingdom
CUST-10142,5.0,15.01,211,0,96,United Kingdom
CUST-10143,10.84,6.42,265,3,4,Spain
CUST-10144,11.21,9.89,44,0,2,Spain
CUST-10145,14.18,18.17,469,1,115,France
CUST-10146,5.72,3.77,128,2,97,Spain
CUST-10147,5.51,1.85,48,2,85,Spain
CUST-10148,12.61,10.69,42,3,1,Germany
CUST-10149,11.4,10.88,39,2,108,Spain
CUST-10150,11.16,6.1,339,2,75,Spain
CUST-10151,11.66,5.27,173,1,65,Spain
CUST-10152,7.34,8.87,341,1,46,France
CUST-10153,11.07,3.71,150,3,59,France
CUST-10154,11.38,3.72,335,1,75,France
CUST-10155,7.23,13.31,147,2,7,Spain
CUST-10156,23.09,3.51,238,0,66,France
CUST-10157,12.34,1.96,158,0,15,France
CUST-10158,5.84,5.26,141,0,72,United Kingdom
CUST-10159,13.4,6.21,80,0,118,United Kingdom
CUST-10160,6.43,11.68,261,2,116,France
CUST-10161,14.21,5.6,66,1,47,United Kingdom
CUST-10162,16.8,20.03,260,0,90,France
CUST-10163,6.89,9.18,178,0,40,Spain
CUST-10164,15.39,4.73,265,2,42,United Kingdom
CUST-10165,12.01,11.37,189,0,51,United Kingdom
CUST-10166,14.44,19.82,359,3,35,United Kingdom
CUST-10167,23.42,13.09,223,0,116,United Kingdom
CUST-10168,8.93,2.49,181,2,110,Italy
CUST-10169,7.11,6.6,14,2,105,Germany
CUST-10170,6.68,10.22,369,1,41,France
CUST-10171,6.91,12.75,39,0,85,France
CUST-10172,9.63,7.63,52,1,57,Spain
CUST-10173,11.63,6.91,282,2,38,Germany
CUST-10174,11.3,24.12,168,2,72,United Kingdom
CUST-10175,14.47,13.21,41,1,107,Spain
CUST-10176,10.03,11.39,104,1,96,Spain
CUST-10177,19.18,5.78,356,2,8,Spain
CUST-10178,8.85,3.67,185,0,108,Spain
CUST-10179,33.92,11.52,171,3,74,Spain
CUST-10180,13.22,14.11,94,0,63,Spain
CUST-10181,6.78,8.63,289,0,87,Germany
CUST-10182,6.16,13.23,153,0,4,Spain
CUST-10183,12.39,13.44,254,0,48,United Kingdom
CUST-10184,9.02,14.69,87,1,52,Germany
CUST-10185,13.75,2.45,583,1,38,Spain
CUST-10186,12.34,6.73,399,4,94,Germany
CUST-10187,9.65,11.96,184,2,105,France
CUST-10188,6.81,8.96,213,0,87,Spain
CUST-10189,5.04,13.47,105,0,5,Spain
CUST-10190,8.16,11.39,267,0,85,Spain
CUST-10191,14.66,1.17,18,1,120,Spain
CUST-10192,10.98,16.86,464,0,70,Spain
CUST-10193,5.69,6.14,257,2,113,Spain
CUST-10194,10.78,4.51,73,0,81,Spain
CUST-10195,11.86,16.53,457,0,89,France
CUST-10196,6.7,12.83,551,1,24,Spain
CUST-10197,10.69,17.94,221,1,86,Germany
CUST-10198,10.24,10.3,88,1,77,Spain
CUST-10199,5.96,6.67,173,1,17,Germany
CUST-10200,11.72,9.54,243,3,78,Spain
CUST-10201,12.84,3.91,209,2,98,France
CUST-10202,16.24,2.89,73,3,90,Spain
CUST-10203,16.03,5.46,240,1,83,France
CUST-10204,5.37,21.2,353,0,26,Spain
CUST-10205,6.54,5.88,58,0,3,United Kingdom
CUST-10206,12.58,2.0,65,2,2,Spain
CUST-10207,12.57,7.78,102,0,92,United Kingdom
CUST-10208,12.58,5.82,143,3,2,Spain
CUST-10209,56.47,17.05,293,1,22,United Kingdom
CUST-10210,12.9,20.3,351,0,71,Spain
CUST-10211,16.63,6.45,85,2,4,Spain
CUST-10212,15.32,10.29,194,2,113,France
CUST-10213,13.37,10.85,342,0,38,Italy
CUST-10214,8.65,8.38,603,1,103,United Kingdom
CUST-10215,14.03,7.38,193,1,84,France
CUST-10216,7.04,4.28,201,1,70,United Kingdom
CUST-10217,8.97,1.71,222,0,73,United Kingdom
CUST-10218,8.02,4.27,132,2,52,Spain
CUST-10219,10.35,8.18,183,0,31,Spain
CUST-10220,28.26,2.63,24,4,26,Italy
CUST-10221,5.0,9.95,106,1,36,United Kingdom
CUST-10222,13.58,9.08,238,1,26,France
CUST-10223,5.0,5.83,81,1,28,United Kingdom
CUST-10224,8.07,7.16,298,0,5,United Kingdom
CUST-10225,16.28,3.05,34,0,115,United Kingdom
CUST-10226,10.27,14.53,290,2,74,France
CUST-10227,6.14,14.38,290,1,18,Spain
CUST-10228,7.23,3.51,610,1,15,United Kingdom
CUST-10229,13.54,3.6,128,2,57,United Kingdom
CUST-10230,7.18,4.31,168,0,97,Italy
CUST-10231,10.99,12.34,436,4,5,United Kingdom
CUST-10232,10.18,10.83,401,1,37,France
CUST-10233,7.44,16.41,327,0,104,Spain
CUST-10234,26.17,17.54,214,2,86,Spain
CUST-10235,13.27,2.42,428,0,86,Germany
CUST-10236,5.0,12.06,747,0,22,Germany
CUST-10237,10.85,17.12,253,0,52,Spain
CUST-10238,7.41,6.84,174,0,15,United Kingdom
CUST-10239,14.64,8.53,273,4,17,Spain
CUST-10240,6.98,7.68,191,2,51,France
CUST-10241,9.47,7.92,137,1,45,Spain
CUST-10242,12.52,14.5,299,3,63,Germany
CUST-10243,14.73,23.59,114,0,28,United Kingdom
CUST-10244,5.81,19.61,249,1,59,Spain
CUST-10245,8.58,6.03,42,0,86,Germany
CUST-10246,8.05,10.31,478,1,21,Italy
CUST-10247,7.43,4.82,90,0,42,Spain
CUST-10248,22.08,5.2,51,1,81,Germany
CUST-10249,11.97,8.28,392,2,69,Germany
CUST-10250,5.66,5.1,439,1,82,Germany
CUST-10251,15.08,5.68,211,2,17,Italy
CUST-10252,25.92,10.15,157,2,68,United Kingdom
CUST-10253,15.87,11.95,130,1,118,France
CUST-10254,5.03,11.75,203,2,7,Germany
CUST-10255,8.02,11.83,163,0,89,United Kingdom
CUST-10256,17.64,3.23,149,0,101,United Kingdom
CUST-10257,7.25,4.9,82,1,40,Spain
CUST-10258,12.18,8.89,63,2,40,Germany
CUST-10259,14.13,16.64,179,2,43,France
CUST-10260,6.57,31.36,198,0,73,United Kingdom
CUST-10261,9.71,10.58,94,2,83,United Kingdom
CUST-10262,5.0,13.65,106,1,51,Spain
CUST-10263,6.29,2.93,198,1,73,Spain
CUST-10264,8.9,13.42,80,2,23,United Kingdom
CUST-10265,5.69,26.49,336,2,95,United Kingdom
CUST-10266,20.79,4.89,243,1,32,Germany
CUST-10267,5.24,5.82,94,1,116,United Kingdom
CUST-10268,8.18,14.78,234,1,31,Italy
CUST-10269,10.58,8.82,82,0,17,Spain
CUST-10270,19.08,1.57,291,3,112,Italy
CUST-10271,5.23,6.08,85,1,103,Spain
CUST-10272,16.83,20.25,154,2,58,France
CUST-10273,10.02,7.13,187,1,86,United Kingdom
CUST-10274,6.41,7.12,435,4,35,United Kingdom
CUST-10275,12.28,14.2,89,0,30,Spain
CUST-10276,10.91,10.83,86,0,64,Spain
CUST-10277,7.61,6.86,45,2,53,France
CUST-10278,10.29,5.54,518,1,51,United Kingdom
CUST-10279,8.39,40.21,172,1,104,Italy
CUST-10280,10.5,18.25,341,2,37,Spain
CUST-10281,13.44,11.82,107,1,90,Italy
CUST-10282,20.36,12.3,115,0,6,Spain
CUST-10283,5.71,7.95,162,2,34,Spain
CUST-10284,26.05,10.74,166,1,56,Spain
CUST-10285,5.0,7.38,267,0,96,Italy
CUST-10286,9.32,4.56,176,2,25,United Kingdom
CUST-10287,13.0,11.02,126,2,115,Spain
CUST-10288,11.32,6.95,525,1,13,Spain
CUST-10289,7.54,11.38,81,1,63,Spain
CUST-10290,9.08,12.75,90,1,102,France
CUST-10291,7.99,11.77,82,0,102,Spain
CUST-10292,7.65,4.28,274,1,66,Germany
CUST-10293,14.62,6.43,229,1,120,France
CUST-10294,11.71,7.04,149,0,5,Germany
CUST-10295,7.3,15.78,79,2,75,United Kingdom
CUST-10296,14.95,15.28,186,3,11,Spain
CUST-10297,11.45,5.12,300,1,88,Italy
CUST-10298,14.38,3.17,447,1,78,United Kingdom
CUST-10299,13.24,32.25,103,0,109,United Kingdom
CUST-10300,6.87,11.47,149,3,94,Germany
CUST-10301,7.75,2.82,228,5,104,Spain
CUST-10302,13.96,5.75,125,1,111,United Kingdom
CUST-10303,13.13,16.18,52,1,44,Spain
CUST-10304,9.88,27.7,149,2,99,Spain
CUST-10305,10.51,25.01,59,0,85,Spain
CUST-10306,17.72,11.17,317,1,119,Spain
CUST-10307,7.64,8.69,133,0,69,United Kingdom
CUST-10308,12.76,3.96,161,0,102,Germany
CUST-10309,9.11,9.18,92,4,2,France
CUST-10310,9.04,4.39,165,1,40,France
CUST-10311,16.35,6.48,379,0,37,United Kingdom
CUST-10312,14.46,14.77,339,0,118,Germany
CUST-10313,14.38,7.36,67,2,49,Italy
CUST-10314,17.95,7.02,10,2,98,Germany
CUST-10315,10.07,8.37,150,2,75,Germany
CUST-10316,13.56,35.07,134,1,36,Spain
CUST-10317,8.67,3.63,128,0,75,France
CUST-10318,11.54,10.43,109,2,73,France
CUST-10319,9.41,23.69,66,2,70,United Kingdom
CUST-10320,10.42,8.36,637,2,120,United Kingdom
CUST-10321,13.04,18.05,518,0,34,Spain
CUST-10322,6.9,2.99,124,0,58,Spain
CUST-10323,25.57,7.53,184,3,111,Italy
CUST-10324,6.34,4.76,320,0,37,France
CUST-10325,5.78,8.3,184,0,96,Spain
CUST-10326,16.8,8.42,116,3,60,Spain
CUST-10327,14.24,9.01,53,2,12,France
CUST-10328,13.21,14.68,170,1,109,United Kingdom
CUST-10329,13.23,1.03,60,0,32,United Kingdom
CUST-10330,9.92,5.56,363,0,81,Spain
CUST-10331,6.66,9.97,164,1,4,Spain
CUST-10332,10.32,1.65,241,0,106,United Kingdom
CUST-10333,7.35,12.85,131,0,33,France
CUST-10334,15.47,5.49,292,3,43,Spain
CUST-10335,9.34,7.62,102,0,112,Spain
CUST-10336,6.88,15.09,206,0,107,France
CUST-10337,8.63,18.55,127,0,9,Germany
CUST-10338,12.01,13.1,142,2,98,Spain
CUST-10339,7.74,3.55,318,1,103,Germany
CUST-10340,6.89,12.69,91,1,51,Italy
CUST-10341,11.13,13.23,216,1,94,Italy
CUST-10342,11.14,11.65,391,1,114,Germany
CUST-10343,7.94,20.37,310,0,20,France
CUST-10344,8.07,9.17,104,2,39,Spain
CUST-10345,11.07,19.91,237,0,23,France
CUST-10346,5.2,19.83,34,1,41,France
CUST-10347,5.29,13.46,325,1,44,United Kingdom
CUST-10348,7.22,10.53,746,0,35,United Kingdom
CUST-10349,9.06,11.69,208,2,23,France
CUST-10350,11.47,23.02,403,1,118,Italy
CUST-10351,19.37,16.63,51,0,58,Spain
CUST-10352,14.67,3.9,72,3,48,Spain
CUST-10353,9.28,11.23,130,2,103,France
CUST-10354,9.89,4.57,149,0,87,Spain
CUST-10355,6.35,5.37,209,1,58,France
CUST-10356,9.89,6.66,104,3,101,Spain
CUST-10357,8.76,2.75,186,1,57,United Kingdom
CUST-10358,11.53,4.35,317,1,87,France
CUST-10359,6.87,21.04,236,2,39,Spain
CUST-10360,12.6,5.34,127,2,28,Spain
CUST-10361,19.88,14.73,277,1,64,Spain
CUST-10362,9.5,9.72,123,2,62,United Kingdom
CUST-10363,11.95,12.35,179,0,83,France
CUST-10364,13.61,12.68,307,1,113,United Kingdom
CUST-10365,8.33,4.2,146,0,112,United Kingdom
CUST-10366,11.03,14.68,59,1,62,United Kingdom
CUST-10367,10.03,3.25,175,0,94,Spain
CUST-10368,10.42,5.18,308,1,85,Germany
CUST-10369,7.04,12.57,327,1,88,Spain
CUST-10370,10.08,3.98,70,2,85,Germany
CUST-10371,12.48,1.49,269,0,26,United Kingdom
CUST-10372,19.16,10.89,140,0,51,United Kingdom
CUST-10373,15.36,2.33,421,0,50,France
CUST-10374,26.28,13.31,60,2,115,Germany
CUST-10375,7.06,7.01,266,0,36,Italy
CUST-10376,14.77,10.79,129,0,26,United Kingdom
CUST-10377,10.83,10.66,106,2,33,Spain
CUST-10378,26.72,13.93,316,2,100,Germany
CUST-10379,6.93,12.8,348,0,68,Spain
CUST-10380,6.84,3.95,24,2,73,Germany
CUST-10381,7.62,7.31,319,3,8,France
CUST-10382,5.0,10.78,160,1,66,Italy
CUST-10383,7.87,20.12,172,2,93,Italy
CUST-10384,7.09,12.87,57,2,23,Spain
CUST-10385,10.67,19.08,254,1,70,France
CUST-10386,11.63,11.15,647,2,55,Spain
CUST-10387,23.2,16.81,111,0,43,Spain
CUST-10388,15.3,10.22,370,1,100,United Kingdom
CUST-10389,7.69,16.39,167,0,110,Spain
CUST-10390,6.66,6.76,115,1,21,France
CUST-10391,12.45,21.52,47,0,22,Italy
CUST-10392,5.51,11.96,404,4,9,France
CUST-10393,22.74,2.76,182,0,34,Spain
CUST-10394,16.96,11.02,119,0,59,Germany
CUST-10395,8.08,12.9,135,4,26,Germany
CUST-10396,5.0,14.99,268,1,1,Germany
CUST-10397,18.34,26.02,119,0,100,France
CUST-10398,9.47,6.02,78,0,108,Germany
CUST-10399,17.41,26.12,154,2,5,Spain
CUST-10400,5.0,8.69,151,1,41,Italy
CUST-10401,7.62,4.99,149,1,63,Italy
CUST-10402,10.0,6.11,120,2,22,Germany
CUST-10403,10.19,12.42,378,4,68,Spain
CUST-10404,8.15,4.45,794,0,48,Germany
CUST-10405,13.2,6.84,70,0,66,United Kingdom
CUST-10406,6.17,10.84,20,0,16,France
CUST-10407,9.36,21.42,141,2,80,Germany
CUST-10408,10.53,14.73,23,0,53,Spain
CUST-10409,12.57,8.93,43,0,120,United Kingdom
CUST-10410,13.74,12.39,113,4,120,Germany
CUST-10411,6.01,10.17,267,1,86,Germany
CUST-10412,5.0,3.5,139,2,107,Germany
CUST-10413,17.72,23.66,14,2,65,Spain
CUST-10414,11.58,21.62,138,0,79,France
CUST-10415,7.12,8.24,146,2,64,Spain
CUST-10416,20.05,6.27,148,2,88,Germany
CUST-10417,10.51,3.57,343,2,68,Spain
CUST-10418,16.96,12.87,306,2,63,Germany
CUST-10419,10.28,12.93,177,1,62,United Kingdom
CUST-10420,25.21,4.74,569,0,82,Italy
CUST-10421,21.97,10.24,112,2,81,France
CUST-10422,8.92,14.45,153,0,71,France
CUST-10423,15.44,5.97,165,0,114,United Kingdom
CUST-10424,13.34,7.56,47,1,45,Germany
CUST-10425,18.47,7.51,168,0,52,United Kingdom
CUST-10426,6.46,4.97,39,1,116,Spain
CUST-10427,13.58,7.67,99,2,74,France
CUST-10428,16.06,2.37,183,2,65,Germany
CUST-10429,5.0,7.24,54,1,2,Spain
CUST-10430,5.86,7.32,212,2,49,Spain
CUST-10431,5.0,8.31,86,0,22,France
CUST-10432,8.84,11.81,127,0,96,Germany
CUST-10433,13.78,3.34,238,0,29,Spain
CUST-10434,19.61,3.87,158,1,35,Italy
CUST-10435,10.31,4.88,209,1,81,Italy
CUST-10436,20.76,3.06,228,0,76,Spain
CUST-10437,5.36,12.66,156,2,24,Spain
CUST-10438,5.0,5.78,217,2,94,France
CUST-10439,9.73,8.48,97,0,108,Italy
CUST-10440,11.86,4.57,236,3,30,France
CUST-10441,9.83,6.72,141,1,84,United Kingdom
CUST-10442,5.0,10.56,384,2,42,Spain
CUST-10443,9.58,10.89,186,3,71,United Kingdom
CUST-10444,5.55,4.0,109,2,106,France
CUST-10445,13.48,8.2,239,1,50,Spain
CUST-10446,11.76,4.63,395,2,118,United Kingdom
CUST-10447,6.53,8.0,117,1,102,Spain
CUST-10448,7.92,5.44,102,2,71,United Kingdom
CUST-10449,6.19,24.55,10,0,60,Spain
CUST-10450,9.7,14.4,185,0,113,Spain
CUST-10451,15.33,11.2,131,2,30,Germany
CUST-10452,6.4,7.13,238,0,12,Spain
CUST-10453,12.51,14.66,242,0,49,France
CUST-10454,7.86,8.36,49,2,95,Spain
CUST-10455,6.98,23.07,305,1,82,Spain
CUST-10456,9.51,15.56,90,6,46,United Kingdom
CUST-10457,6.26,6.68,117,1,43,Spain
CUST-10458,7.77,21.51,213,1,2,Spain
CUST-10459,5.82,7.15,66,0,117,Germany
CUST-10460,24.15,25.41,103,0,97,Spain
CUST-10461,10.13,22.2,61,1,75,Spain
CUST-10462,7.28,10.53,323,3,98,Germany
CUST-10463,10.98,2.45,125,1,80,Spain
CUST-10464,9.48,10.01,55,0,54,France
CUST-10465,9.03,3.68,59,1,35,Spain
CUST-10466,13.15,5.56,288,0,52,Spain
CUST-10467,14.03,5.86,84,1,33,France
CUST-10468,7.86,3.65,115,1,85,Italy
CUST-10469,7.7,10.03,173,0,84,Spain
CUST-10470,8.81,5.09,132,0,72,United Kingdom
CUST-10471,5.0,7.38,29,0,51,Spain
CUST-10472,5.04,5.9,256,2,26,Spain
CUST-10473,18.45,11.84,140,1,97,Italy
CUST-10474,20.91,11.3,207,1,62,Spain
CUST-10475,8.92,6.98,268,1,61,Germany
CUST-10476,12.93,12.21,22,2,26,Spain
CUST-10477,11.47,18.1,270,2,37,Germany
CUST-10478,39.86,1.27,701,1,30,United Kingdom
CUST-10479,16.51,5.66,222,1,95,Germany
CUST-10480,9.42,4.24,388,1,97,Spain
CUST-10481,6.49,5.3,315,1,11,Germany
CUST-10482,5.0,1.04,264,3,53,France
CUST-10483,10.93,1.22,323,1,41,United Kingdom
CUST-10484,7.1,0.5,359,0,5,Germany
CUST-10485,5.26,6.04,369,2,66,France
CUST-10486,7.46,5.92,59,2,13,Germany
CUST-10487,6.13,19.68,336,0,63,United Kingdom
CUST-10488,21.31,9.53,138,0,82,France
CUST-10489,14.83,12.02,377,3,90,Germany
CUST-10490,9.94,58.43,236,2,25,Spain
CUST-10491,19.41,1.28,58,1,44,United Kingdom
CUST-10492,10.33,23.3,411,0,14,Italy
CUST-10493,6.77,8.4,91,1,69,United Kingdom
CUST-10494,19.79,6.4,133,2,59,Spain
CUST-10495,12.71,5.73,474,1,56,United Kingdom
CUST-10496,6.25,10.76,186,1,106,Italy
CUST-10497,9.16,6.44,129,1,52,Italy
CUST-10498,6.73,3.57,159,0,66,Italy
CUST-10499,5.35,5.88,127,0,68,France
CUST-10500,15.13,10.95,288,0,12,United Kingdom
CUST-10501,23.55,13.36,130,3,75,Spain
CUST-10502,5.32,24.74,163,0,68,Spain
CUST-10503,12.85,9.26,250,1,43,Spain
CUST-10504,7.44,18.75,231,2,73,Spain
CUST-10505,8.01,7.57,97,1,74,Germany
CUST-10506,7.64,8.29,290,1,91,Germany
CUST-10507,6.76,8.0,112,1,6,France
CUST-10508,10.19,9.99,71,1,15,Italy
CUST-10509,6.86,14.86,32,0,42,Italy
CUST-10510,11.27,6.25,147,2,31,France
CUST-10511,9.75,4.41,39,0,86,United Kingdom
CUST-10512,8.96,15.6,86,0,53,Spain
CUST-10513,6.63,14.92,166,2,6,United Kingdom
CUST-10514,7.69,20.55,354,0,33,Spain
CUST-10515,14.01,5.57,136,1,29,United Kingdom
CUST-10516,12.5,7.38,48,2,21,Italy
CUST-10517,6.42,15.96,155,1,54,Spain
CUST-10518,10.43,6.2,345,2,56,Spain
CUST-10519,13.99,13.01,133,1,116,France
CUST-10520,5.0,7.59,394,2,94,France
CUST-10521,12.74,10.72,165,0,21,Spain
CUST-10522,7.4,3.51,271,2,100,Spain
CUST-10523,12.89,9.18,196,1,55,Italy
CUST-10524,7.07,17.88,382,1,58,Spain
CUST-10525,5.0,14.1,593,0,64,Germany
CUST-10526,5.0,4.19,117,2,86,United Kingdom
CUST-10527,10.19,23.56,188,2,46,United Kingdom
CUST-10528,11.21,17.22,354,2,84,Spain
CUST-10529,6.64,3.65,201,2,22,Germany
CUST-10530,13.29,5.91,30,3,116,Italy
CUST-10531,5.0,3.82,135,0,60,Spain
CUST-10532,9.68,10.91,200,0,104,Spain
CUST-10533,5.78,5.72,450,1,11,Spain
CUST-10534,7.44,1.58,181,3,47,Germany
CUST-10535,10.19,8.27,81,0,31,United Kingdom
CUST-10536,6.77,15.22,203,2,115,Spain
CUST-10537,8.39,9.3,421,3,104,Spain
CUST-10538,15.69,12.28,103,1,77,United Kingdom
CUST-10539,7.69,9.9,113,0,18,Germany
CUST-10540,14.53,13.73,104,3,22,France
CUST-10541,6.0,10.48,54,6,56,Spain
CUST-10542,12.66,7.96,175,2,17,Spain
CUST-10543,19.08,9.23,161,1,38,United Kingdom
CUST-10544,5.0,21.01,34,2,25,Spain
CUST-10545,6.97,12.72,87,2,32,Germany
CUST-10546,12.93,4.18,192,1,15,United Kingdom
CUST-10547,9.1,9.13,267,2,13,Spain
CUST-10548,11.79,10.79,316,2,58,United Kingdom
CUST-10549,7.6,7.78,281,1,90,France
CUST-10550,10.37,1.59,168,2,50,France
CUST-10551,9.3,4.52,46,0,11,Germany
CUST-10552,16.87,6.45,142,0,13,France
CUST-10553,11.18,25.21,12,0,97,Germany
CUST-10554,11.61,11.85,193,1,50,France
CUST-10555,8.29,2.38,100,1,101,Spain
CUST-10556,8.01,8.13,21,1,38,Spain
CUST-10557,8.21,19.05,218,0,1,Italy
CUST-10558,11.91,5.66,418,1,39,Italy
CUST-10559,8.25,16.33,40,2,27,France
CUST-10560,11.36,2.45,231,0,36,France
CUST-10561,25.38,0.5,124,1,32,Spain
CUST-10562,14.76,17.83,91,2,41,United Kingdom
CUST-10563,8.61,6.22,91,1,15,Italy
CUST-10564,17.13,6.57,124,0,31,Germany
CUST-10565,8.3,9.84,124,1,6,Spain
CUST-10566,5.0,11.59,163,0,89,Spain
CUST-10567,6.34,0.72,83,0,113,United Kingdom
CUST-10568,5.0,5.34,98,2,52,United Kingdom
CUST-10569,8.51,9.02,246,0,82,United Kingdom
CUST-10570,10.06,11.57,77,3,22,France
CUST-10571,21.21,4.14,202,2,31,Spain
CUST-10572,11.55,7.51,129,0,100,Germany
CUST-10573,9.04,5.65,109,0,73,Germany
CUST-10574,14.49,10.05,505,1,46,Germany
CUST-10575,5.0,17.44,55,1,67,Germany
CUST-10576,11.09,6.83,437,2,97,France
CUST-10577,14.11,2.84,293,1,91,Germany
CUST-10578,5.13,5.12,102,1,43,United Kingdom
CUST-10579,16.69,23.42,298,2,1,Italy
CUST-10580,11.62,4.54,10,0,44,Spain
CUST-10581,8.27,3.34,94,2,57,Italy
CUST-10582,13.26,6.54,78,2,9,Spain
CUST-10583,27.71,8.13,220,1,5,Spain
CUST-10584,10.82,5.91,270,2,79,United Kingdom
CUST-10585,11.15,2.46,218,3,114,France
CUST-10586,8.11,10.7,184,0,9,Spain
CUST-10587,6.8,10.06,311,2,45,France
CUST-10588,14.49,13.42,283,0,92,Germany
CUST-10589,6.79,9.91,100,3,77,Spain
CUST-10590,10.3,22.26,109,2,24,France
CUST-10591,8.05,14.08,272,4,109,Spain
CUST-10592,12.37,12.35,162,0,74,United Kingdom
CUST-10593,11.59,17.83,170,0,42,France
CUST-10594,15.91,9.52,186,0,22,United Kingdom
CUST-10595,7.93,7.62,31,0,103,Italy
CUST-10596,8.83,10.62,96,1,60,France
CUST-10597,6.42,1.51,233,1,86,Germany
CUST-10598,8.17,9.54,96,0,37,France
CUST-10599,11.82,8.12,140,2,116,Germany
CUST-10600,14.02,11.38,232,2,39,Spain
CUST-10601,6.59,16.36,323,3,84,Spain
CUST-10602,14.75,12.58,348,1,74,United Kingdom
CUST-10603,18.36,5.14,361,2,74,Germany
CUST-10604,12.01,14.74,151,3,90,Spain
CUST-10605,23.21,22.46,139,0,89,Italy
CUST-10606,7.04,16.62,62,1,53,Spain
CUST-10607,5.7,3.06,420,0,120,Spain
CUST-10608,5.0,12.49,135,1,28,Spain
CUST-10609,19.55,3.47,413,1,77,France
CUST-10610,13.39,7.1,206,0,15,Italy
CUST-10611,9.73,11.16,333,2,60,Spain
CUST-10612,11.31,10.23,158,3,60,France
CUST-10613,6.01,16.42,248,2,6,Spain
CUST-10614,29.98,22.52,340,3,52,France
CUST-10615,10.57,11.89,114,3,12,Spain
CUST-10616,10.48,6.72,362,0,19,United Kingdom
CUST-10617,13.83,1.58,69,2,96,France
CUST-10618,12.38,18.98,497,0,75,France
CUST-10619,11.03,8.15,187,2,102,Spain
CUST-10620,6.99,8.45,97,1,97,Spain
CUST-10621,12.33,8.91,289,1,2,France
CUST-10622,23.26,11.55,212,0,55,Germany
CUST-10623,18.27,11.76,33,2,15,Italy
CUST-10624,20.43,7.18,124,0,64,Germany
CUST-10625,7.92,8.1,73,1,100,Italy
CUST-10626,6.39,5.58,78,0,69,United Kingdom
CUST-10627,9.43,5.13,76,1,15,Spain
CUST-10628,10.23,5.11,240,3,43,Spain
CUST-10629,16.32,8.03,304,2,74,United Kingdom
CUST-10630,5.0,4.39,90,0,17,France
CUST-10631,19.85,0.5,24,1,98,Germany
CUST-10632,9.29,6.64,571,1,116,Spain
CUST-10633,8.23,3.23,188,1,24,United Kingdom
CUST-10634,6.33,9.33,290,2,74,France
CUST-10635,5.0,5.56,145,1,116,France
CUST-10636,14.45,11.64,19,0,30,Spain
CUST-10637,10.31,3.49,224,1,67,Germany
CUST-10638,5.58,1.9,464,0,51,Spain
CUST-10639,5.57,8.11,102,0,60,Italy
CUST-10640,8.58,6.44,16,2,101,Italy
CUST-10641,21.14,2.99,61,1,3,United Kingdom
CUST-10642,8.87,14.09,300,1,104,United Kingdom
CUST-10643,5.07,4.0,211,3,5,Germany
CUST-10644,8.93,4.95,363,1,28,United Kingdom
CUST-10645,8.82,15.77,169,1,108,Spain
CUST-10646,5.0,12.07,267,1,78,Italy
CUST-10647,9.73,3.66,121,0,103,United Kingdom
CUST-10648,8.99,6.86,66,3,11,Spain
CUST-10649,13.64,3.36,267,1,72,France
CUST-10650,22.92,15.07,303,0,101,Spain
CUST-10651,16.56,15.06,104,0,72,Spain
CUST-10652,8.84,24.52,437,1,76,United Kingdom
CUST-10653,6.06,30.24,445,0,15,United Kingdom
CUST-10654,31.75,5.52,76,0,83,France
CUST-10655,10.24,13.58,79,0,48,Italy
CUST-10656,10.04,1.64,83,1,46,Germany
CUST-10657,9.87,9.8,153,2,28,Spain
CUST-10658,10.9,11.42,126,0,7,Spain
CUST-10659,9.35,4.18,53,1,104,France
CUST-10660,7.7,5.26,85,1,71,France
CUST-10661,7.8,15.12,19,2,94,Germany
CUST-10662,9.83,11.6,24,1,82,France
CUST-10663,7.81,22.66,44,1,88,Spain
CUST-10664,7.24,21.08,551,2,6,United Kingdom
CUST-10665,10.46,2.11,509,0,58,Germany
CUST-10666,8.89,5.93,278,1,115,Italy
CUST-10667,19.62,3.84,105,0,68,Spain
CUST-10668,5.0,13.94,43,0,55,United Kingdom
CUST-10669,16.3,10.45,166,0,67,Spain
CUST-10670,17.47,4.05,228,2,49,United Kingdom
CUST-10671,5.0,4.58,92,4,118,Spain
CUST-10672,8.55,18.3,220,0,51,Italy
CUST-10673,8.44,6.43,61,2,59,France
CUST-10674,5.29,1.37,106,2,111,Germany
CUST-10675,7.03,3.77,138,0,6,Italy
CUST-10676,6.05,25.5,519,0,90,Spain
CUST-10677,21.94,16.05,84,1,108,France
CUST-10678,15.2,3.18,228,3,51,Italy
CUST-10679,17.68,9.8,73,1,38,France
CUST-10680,13.8,15.44,64,2,11,France
CUST-10681,6.0,2.09,91,0,52,United Kingdom
CUST-10682,7.88,16.51,171,1,93,France
CUST-10683,12.43,11.53,474,1,20,United Kingdom
CUST-10684,5.75,5.03,103,2,10,United Kingdom
CUST-10685,13.75,12.73,304,3,26,Spain
CUST-10686,8.95,10.54,536,1,48,Spain
CUST-10687,8.43,11.02,202,1,91,Spain
CUST-10688,13.73,9.57,342,0,114,Spain
CUST-10689,12.18,4.45,87,0,14,United Kingdom
CUST-10690,8.48,5.11,223,0,100,Spain
CUST-10691,16.81,7.34,264,2,59,Spain
CUST-10692,6.13,8.94,51,2,12,Germany
CUST-10693,13.16,13.2,80,3,116,Germany
CUST-10694,13.03,25.86,134,0,23,Germany
CUST-10695,8.68,10.1,93,0,85,Italy
CUST-10696,11.55,13.06,146,3,72,Spain
CUST-10697,5.68,14.96,44,0,39,Spain
CUST-10698,15.12,13.64,502,1,9,Spain
CUST-10699,9.18,4.31,325,2,88,Italy
CUST-10700,7.88,19.35,1083,0,95,Germany
CUST-10701,15.99,17.54,57,0,25,Spain
CUST-10702,7.26,9.48,230,0,17,Spain
CUST-10703,5.29,4.52,94,0,42,France
CUST-10704,5.0,8.84,64,1,29,Spain
CUST-10705,13.1,2.34,313,0,60,United Kingdom
CUST-10706,5.61,20.87,175,1,67,Italy
CUST-10707,21.97,5.47,127,2,85,France
CUST-10708,5.0,7.08,206,1,57,Italy
CUST-10709,21.4,19.99,83,3,72,United Kingdom
CUST-10710,10.97,18.57,81,1,14,France
CUST-10711,9.55,10.81,97,2,39,Italy
CUST-10712,7.81,22.76,355,2,16,France
CUST-10713,11.94,4.21,337,2,18,France
CUST-10714,9.81,10.82,54,1,95,France
CUST-10715,16.39,4.23,488,3,75,Italy
CUST-10716,10.5,16.9,164,0,102,Spain
CUST-10717,10.67,16.54,227,0,20,Spain
CUST-10718,8.47,23.72,94,1,117,United Kingdom
CUST-10719,9.72,8.66,171,1,46,Italy
CUST-10720,11.46,27.66,64,1,117,Italy
CUST-10721,5.0,3.96,89,2,45,Spain
CUST-10722,5.44,8.35,296,0,4,Spain
CUST-10723,13.94,4.07,301,1,84,Italy
CUST-10724,10.77,9.87,234,2,95,Spain
CUST-10725,9.18,4.36,121,3,20,Spain
CUST-10726,10.06,16.93,53,1,11,Spain
CUST-10727,11.66,11.78,384,1,114,Spain
CUST-10728,7.82,3.7,316,2,65,France
CUST-10729,7.03,14.57,28,0,108,United Kingdom
CUST-10730,10.89,21.8,304,2,18,United Kingdom
CUST-10731,6.42,12.51,127,1,39,Italy
CUST-10732,11.99,2.86,270,1,44,Spain
CUST-10733,5.0,7.82,45,1,97,Spain
CUST-10734,15.85,13.52,98,1,118,Germany
CUST-10735,12.34,7.31,180,2,100,Germany
CUST-10736,11.19,3.92,502,1,18,Spain
CUST-10737,15.52,18.11,180,2,47,Spain
CUST-10738,21.1,7.1,346,1,31,Spain
CUST-10739,15.74,21.81,198,1,99,France
CUST-10740,5.0,5.95,193,1,39,Spain
CUST-10741,5.61,6.81,243,1,38,United Kingdom
CUST-10742,7.53,5.62,161,1,79,Spain
CUST-10743,10.09,7.73,291,1,47,Germany
CUST-10744,12.59,11.65,68,1,70,United Kingdom
CUST-10745,7.2,4.08,162,1,8,United Kingdom
CUST-10746,10.85,3.5,530,2,104,Spain
CUST-10747,7.1,2.04,356,1,86,Spain
CUST-10748,7.57,1.81,211,2,65,France
CUST-10749,5.3,2.89,324,0,13,Germany
CUST-10750,6.58,5.92,442,1,55,France
CUST-10751,5.43,9.76,24,1,88,Germany
CUST-10752,6.43,11.24,136,1,85,Spain
CUST-10753,16.02,9.46,98,3,109,France
CUST-10754,6.51,20.32,48,0,43,Spain
CUST-10755,32.61,24.26,579,0,4,Spain
CUST-10756,12.45,7.12,251,1,71,Germany
CUST-10757,10.84,4.14,316,4,60,Italy
CUST-10758,6.78,28.69,102,0,12,France
CUST-10759,13.67,17.74,134,0,59,Germany
CUST-10760,7.7,16.94,167,2,77,Italy
CUST-10761,10.54,5.75,222,1,54,Spain
CUST-10762,31.56,14.79,284,0,44,Italy
CUST-10763,9.55,9.51,272,1,16,France
CUST-10764,16.73,8.24,141,0,6,Germany
CUST-10765,7.27,8.23,453,1,14,France
CUST-10766,9.82,12.0,395,1,115,France
CUST-10767,22.13,20.72,206,0,112,France
CUST-10768,7.52,30.1,172,1,58,Spain
CUST-10769,22.55,6.5,133,0,31,Italy
CUST-10770,13.71,9.87,223,0,100,Spain
CUST-10771,7.74,8.1,382,2,101,Spain
CUST-10772,13.26,11.5,175,1,41,Spain
CUST-10773,15.45,7.42,108,1,120,Spain
CUST-10774,13.19,5.27,172,1,35,Spain
CUST-10775,5.0,6.5,209,1,118,Spain
CUST-10776,7.19,5.81,64,0,10,United Kingdom
CUST-10777,8.92,7.83,50,0,81,United Kingdom
CUST-10778,9.65,3.07,111,0,115,Spain
CUST-10779,13.19,5.9,453,2,106,Spain
CUST-10780,10.8,11.42,368,4,30,Italy
CUST-10781,5.47,11.37,39,4,44,Spain
CUST-10782,11.84,10.24,77,1,55,Spain
CUST-10783,13.13,19.64,281,1,71,Spain
CUST-10784,12.83,11.71,122,1,18,Spain
CUST-10785,16.22,19.26,231,1,83,France
CUST-10786,14.52,30.11,42,2,79,United Kingdom
CUST-10787,12.26,15.03,170,2,103,United Kingdom
CUST-10788,9.66,3.08,157,3,108,Spain
CUST-10789,5.0,10.51,317,2,86,France
CUST-10790,12.1,9.52,222,1,39,Germany
CUST-10791,10.95,21.79,186,3,42,Spain
CUST-10792,11.27,8.03,33,2,120,Spain
CUST-10793,5.62,4.74,541,0,54,Spain
CUST-10794,6.13,6.15,267,1,30,France
CUST-10795,16.02,3.18,95,1,20,Spain
CUST-10796,9.8,0.5,183,1,96,United Kingdom
CUST-10797,13.55,27.24,125,2,42,Spain
CUST-10798,10.1,8.78,144,1,89,Spain
CUST-10799,10.11,3.44,364,1,87,Spain
CUST-10800,15.21,22.98,77,1,5,Spain
CUST-10801,7.91,25.32,275,1,50,Spain
CUST-10802,10.42,9.74,374,0,41,United Kingdom
CUST-10803,8.1,2.94,246,0,94,France
CUST-10804,8.2,6.26,149,1,112,United Kingdom
CUST-10805,8.68,7.44,89,2,39,France
CUST-10806,11.02,8.98,100,1,57,Germany
CUST-10807,8.04,3.8,186,3,91,France
CUST-10808,17.55,15.79,175,0,57,Italy
CUST-10809,6.67,1.24,298,2,106,Spain
CUST-10810,9.17,17.39,45,0,37,Spain
CUST-10811,8.18,19.66,361,2,7,France
CUST-10812,19.13,6.71,770,1,5,France
CUST-10813,10.9,8.29,160,1,79,United Kingdom
CUST-10814,15.87,21.16,142,0,51,Spain
CUST-10815,5.11,13.2,153,1,106,France
CUST-10816,11.25,6.88,181,0,8,Italy
CUST-10817,14.88,7.47,134,0,56,Spain
CUST-10818,10.35,12.04,25,3,73,Italy
CUST-10819,16.11,25.78,150,1,11,United Kingdom
CUST-10820,7.9,7.63,189,3,22,Spain
CUST-10821,18.81,6.73,387,1,98,United Kingdom
CUST-10822,28.06,8.94,76,1,99,United Kingdom
CUST-10823,8.47,8.97,489,0,77,France
CUST-10824,8.16,10.71,127,1,11,United Kingdom
CUST-10825,19.18,8.31,84,0,60,United Kingdom
CUST-10826,20.3,18.03,267,4,96,Spain
CUST-10827,7.88,4.46,116,1,106,Spain
CUST-10828,8.26,11.49,163,2,15,Spain
CUST-10829,8.79,11.78,171,1,38,Italy
CUST-10830,5.45,4.78,257,0,1,Spain
CUST-10831,6.6,11.41,159,1,46,Italy
CUST-10832,6.35,11.98,146,1,114,Spain
CUST-10833,7.06,0.72,124,2,88,Spain
CUST-10834,9.82,4.13,240,1,43,Spain
CUST-10835,11.08,22.23,111,2,104,Spain
CUST-10836,20.04,5.67,395,1,22,Italy
CUST-10837,6.36,3.43,172,1,3,France
CUST-10838,15.53,1.74,34,1,14,Italy
CUST-10839,9.06,3.83,209,2,2,Germany
CUST-10840,9.75,8.07,234,1,61,France
CUST-10841,13.51,3.23,398,1,32,France
CUST-10842,6.02,13.31,93,1,112,France
CUST-10843,11.85,4.71,82,1,38,France
CUST-10844,10.75,10.76,263,1,97,Spain
CUST-10845,12.45,20.32,356,3,46,United Kingdom
CUST-10846,11.36,19.56,90,0,42,France
CUST-10847,30.11,10.64,204,2,6,Spain
CUST-10848,7.49,3.63,161,1,41,United Kingdom
CUST-10849,7.85,8.46,92,3,103,Germany
CUST-10850,7.54,10.87,154,0,25,United Kingdom
CUST-10851,7.77,33.46,340,0,98,France
CUST-10852,7.49,1.72,173,1,11,Spain
CUST-10853,17.03,8.48,148,0,110,Germany
CUST-10854,18.9,13.01,254,1,101,United Kingdom
CUST-10855,7.71,9.41,360,0,41,Italy
CUST-10856,6.86,10.11,75,0,71,Italy
CUST-10857,12.33,4.93,210,0,57,Italy
CUST-10858,7.78,15.62,128,3,46,Spain
CUST-10859,13.26,8.97,173,1,112,Spain
CUST-10860,10.93,10.09,267,0,86,Italy
CUST-10861,5.04,16.66,136,0,48,Germany
CUST-10862,20.01,7.03,158,1,63,Italy
CUST-10863,22.38,18.91,322,0,39,France
CUST-10864,7.57,3.13,230,1,10,United Kingdom
CUST-10865,8.38,10.47,155,0,85,Spain
CUST-10866,11.34,4.7,186,0,70,Germany
CUST-10867,11.59,3.78,176,1,113,Germany
CUST-10868,13.41,25.6,32,0,65,Spain
CUST-10869,24.65,3.28,188,1,98,Spain
CUST-10870,9.21,9.09,55,1,59,France
CUST-10871,6.96,3.06,354,0,78,France
CUST-10872,5.36,18.21,54,2,36,Spain
CUST-10873,7.18,6.54,123,1,27,Spain
CUST-10874,9.83,16.6,105,0,73,Spain
CUST-10875,22.37,12.73,441,1,55,Spain
CUST-10876,7.9,30.54,344,2,70,Italy
CUST-10877,11.03,2.55,15,1,95,France
CUST-10878,9.9,4.11,167,0,81,Germany
CUST-10879,17.03,16.05,64,2,53,Germany
CUST-10880,31.1,10.8,189,0,107,United Kingdom
CUST-10881,7.85,7.4,263,0,60,Germany
CUST-10882,8.0,27.2,200,3,61,Italy
CUST-10883,15.96,8.67,274,1,36,France
CUST-10884,13.56,4.84,138,2,85,United Kingdom
CUST-10885,22.9,16.73,204,2,27,France
CUST-10886,12.97,8.87,268,2,41,Italy
CUST-10887,8.49,9.34,119,2,28,Spain
CUST-10888,13.01,13.42,83,0,16,Spain
CUST-10889,16.43,13.75,101,0,35,Italy
CUST-10890,14.43,4.06,154,3,36,Italy
CUST-10891,12.53,7.1,170,1,56,United Kingdom
CUST-10892,16.12,2.84,213,0,99,United Kingdom
CUST-10893,16.88,10.91,93,1,109,Spain
CUST-10894,18.58,25.33,273,2,19,United Kingdom
CUST-10895,13.36,4.2,506,2,57,Italy
CUST-10896,9.25,2.39,106,2,85,Spain
CUST-10897,10.65,5.45,686,0,33,United Kingdom
CUST-10898,17.17,7.35,549,0,23,Italy
CUST-10899,6.91,13.83,169,0,119,Spain
CUST-10900,11.77,6.82,151,2,63,Germany
CUST-10901,8.36,11.03,100,2,70,United Kingdom
CUST-10902,10.1,6.06,300,4,96,Germany
CUST-10903,17.73,7.64,178,0,22,Italy
CUST-10904,10.87,4.71,192,2,67,United Kingdom
CUST-10905,10.18,3.62,85,2,99,Germany
CUST-10906,5.41,14.14,306,1,80,Italy
CUST-10907,13.95,6.37,142,1,106,Italy
CUST-10908,13.34,11.56,69,1,59,United Kingdom
CUST-10909,26.4,4.66,160,0,25,United Kingdom
CUST-10910,8.68,8.71,90,0,17,Spain
CUST-10911,11.01,1.27,399,3,39,Spain
CUST-10912,11.16,6.71,544,1,77,United Kingdom
CUST-10913,20.28,5.05,163,1,92,Spain
CUST-10914,9.56,17.76,338,3,75,France
CUST-10915,11.31,3.17,332,1,74,United Kingdom
CUST-10916,13.11,7.86,10,0,39,Italy
CUST-10917,10.85,10.82,101,0,24,Germany
CUST-10918,8.16,16.25,183,2,38,Spain
CUST-10919,10.88,14.88,122,0,88,United Kingdom
CUST-10920,16.17,8.29,94,2,97,Germany
CUST-10921,6.28,9.1,347,0,81,Spain
CUST-10922,10.59,17.75,118,4,57,Spain
CUST-10923,7.28,8.18,213,0,44,Germany
CUST-10924,17.08,9.76,328,1,36,Spain
CUST-10925,5.03,18.11,414,3,99,Italy
CUST-10926,7.76,33.08,69,2,70,Italy
CUST-10927,11.82,10.32,75,1,80,United Kingdom
CUST-10928,20.18,12.2,197,0,45,Germany
CUST-10929,9.68,14.61,24,2,92,United Kingdom
CUST-10930,7.77,18.0,78,2,105,Germany
CUST-10931,23.26,16.5,372,1,96,Germany
CUST-10932,5.2,5.72,259,0,26,Spain
CUST-10933,5.0,10.78,154,0,11,France
CUST-10934,12.16,16.57,233,0,52,France
CUST-10935,7.96,20.34,271,0,25,Spain
CUST-10936,6.3,7.87,49,0,31,Italy
CUST-10937,13.72,10.61,116,1,85,United Kingdom
CUST-10938,11.13,11.41,405,1,45,United Kingdom
CUST-10939,7.74,8.9,200,1,119,Spain
CUST-10940,5.61,10.43,208,1,115,France
CUST-10941,14.77,45.22,164,3,67,Germany
CUST-10942,13.36,7.64,32,2,76,France
CUST-10943,9.54,8.06,105,3,115,Germany
CUST-10944,22.9,2.16,224,3,40,Germany
CUST-10945,6.16,1.83,118,3,46,Spain
CUST-10946,5.02,11.93,71,1,54,United Kingdom
CUST-10947,7.31,16.61,80,0,41,Spain
CUST-10948,9.77,14.76,410,0,89,Spain
CUST-10949,11.13,4.65,113,1,120,Spain
CUST-10950,8.95,14.23,359,2,81,Italy
CUST-10951,11.69,7.97,209,0,38,Italy
CUST-10952,5.68,6.66,141,5,100,Spain
CUST-10953,19.1,2.91,91,3,36,Spain
CUST-10954,9.61,5.1,264,3,83,Spain
CUST-10955,16.49,12.11,331,1,44,Germany
CUST-10956,11.64,10.7,281,0,57,United Kingdom
CUST-10957,12.25,9.69,54,0,66,France
CUST-10958,12.89,1.13,113,1,81,United Kingdom
CUST-10959,12.2,9.76,124,1,30,France
CUST-10960,13.32,5.65,26,1,111,Spain
CUST-10961,18.14,10.75,232,0,10,Spain
CUST-10962,10.9,18.33,255,2,99,Spain
CUST-10963,13.72,6.29,249,0,61,United Kingdom
CUST-10964,9.58,9.29,222,0,63,Italy
CUST-10965,19.07,27.11,132,2,116,Spain
CUST-10966,7.36,10.4,88,0,36,Spain
CUST-10967,22.43,8.54,132,1,54,Italy
CUST-10968,9.8,4.71,210,0,97,Spain
CUST-10969,5.24,14.47,380,1,65,Spain
CUST-10970,10.57,4.1,178,0,82,Germany
CUST-10971,7.34,18.83,173,2,4,France
CUST-10972,14.56,13.2,28,3,55,United Kingdom
CUST-10973,7.44,5.8,219,1,54,Germany
CUST-10974,8.16,4.83,398,1,111,Germany
CUST-10975,5.0,4.92,155,0,91,Spain
CUST-10976,8.14,1.86,146,1,89,France
CUST-10977,5.0,11.75,126,2,64,France
CUST-10978,5.0,1.29,270,0,119,Italy
CUST-10979,14.04,8.17,27,0,92,Italy
CUST-10980,14.21,7.81,359,2,117,United Kingdom
CUST-10981,12.08,6.88,142,0,22,France
CUST-10982,6.46,11.7,222,1,106,Spain
CUST-10983,9.76,5.81,284,2,25,Spain
CUST-10984,9.96,9.78,79,1,81,United Kingdom
CUST-10985,5.92,18.83,166,1,59,France
CUST-10986,19.62,12.6,139,3,57,France
CUST-10987,14.8,6.46,64,1,54,United Kingdom
CUST-10988,9.03,8.71,329,1,44,Germany
CUST-10989,10.1,6.89,131,2,52,Germany
CUST-10990,10.95,7.73,61,0,76,Germany
CUST-10991,5.0,9.98,173,1,16,Spain
CUST-10992,8.92,2.79,47,3,101,Germany
CUST-10993,7.34,2.25,118,1,16,Italy
CUST-10994,6.36,4.4,207,0,81,Spain
CUST-10995,8.79,12.06,42,2,55,United Kingdom
CUST-10996,22.4,13.12,258,0,61,Italy
CUST-10997,13.31,14.37,179,3,95,France
CUST-10998,7.71,4.54,285,3,79,United Kingdom
CUST-10999,12.91,9.25,283,0,77,Spain
CUST-11000,18.72,6.6,115,1,40,France
CUST-11001,15.12,7.96,118,0,91,United Kingdom
CUST-11002,10.25,6.52,233,3,21,Spain
CUST-11003,7.45,10.35,69,2,66,United Kingdom
CUST-11004,13.66,5.29,69,1,8,Spain
CUST-11005,11.91,17.56,103,1,106,Germany
CUST-11006,14.92,17.65,51,2,71,Italy
CUST-11007,13.27,11.82,61,4,10,United Kingdom
CUST-11008,16.0,16.31,62,0,57,France
CUST-11009,7.84,2.7,131,0,4,United Kingdom
CUST-11010,18.04,18.19,127,0,43,Spain
CUST-11011,10.9,11.1,314,0,105,Italy
CUST-11012,25.38,5.53,133,1,100,Spain
CUST-11013,7.31,5.12,157,0,99,Spain
CUST-11014,21.78,22.01,483,0,63,United Kingdom
CUST-11015,10.9,14.51,16,2,43,France
CUST-11016,7.44,7.81,193,1,67,United Kingdom
CUST-11017,8.02,2.67,142,2,82,Spain
CUST-11018,8.64,18.76,207,2,51,Germany
CUST-11019,12.07,3.65,108,1,110,United Kingdom
CUST-11020,12.62,6.69,132,0,56,Spain
CUST-11021,7.7,7.81,369,0,43,United Kingdom
CUST-11022,9.87,5.06,231,0,24,Spain
CUST-11023,26.15,7.57,138,0,96,United Kingdom
CUST-11024,21.7,8.63,90,1,34,France
CUST-11025,12.14,7.46,69,1,59,Germany
CUST-11026,10.15,10.69,114,7,2,Spain
CUST-11027,10.53,22.5,147,1,2,Spain
CUST-11028,13.15,2.79,482,1,10,Spain
CUST-11029,6.29,9.63,183,2,23,Spain
CUST-11030,8.88,3.68,99,5,15,Spain
CUST-11031,5.0,2.55,16,0,118,Spain
CUST-11032,11.94,15.55,88,3,76,Spain
CUST-11033,13.35,10.18,114,0,107,France
CUST-11034,8.03,2.41,196,1,17,United Kingdom
CUST-11035,20.25,7.56,117,0,82,Spain
CUST-11036,5.75,4.41,496,0,14,United Kingdom
CUST-11037,5.16,7.75,139,0,81,Spain
CUST-11038,11.03,13.42,321,1,79,France
CUST-11039,15.98,12.57,39,0,76,United Kingdom
CUST-11040,21.28,6.55,159,2,16,Spain
CUST-11041,8.11,16.0,88,0,32,Spain
CUST-11042,16.21,19.73,326,0,23,Spain
CUST-11043,9.8,13.56,123,0,102,Germany
CUST-11044,9.23,5.79,376,0,34,Italy
CUST-11045,14.84,7.92,256,1,98,Spain
CUST-11046,13.38,22.07,111,2,16,France
CUST-11047,5.0,6.91,67,2,34,Spain
CUST-11048,19.38,12.59,93,1,104,Spain
CUST-11049,18.56,5.01,133,0,71,Spain
CUST-11050,7.53,16.07,255,2,33,Italy
CUST-11051,11.92,4.58,163,2,68,United Kingdom
CUST-11052,12.46,8.16,286,4,43,Italy
CUST-11053,11.22,12.31,394,1,64,United Kingdom
CUST-11054,7.79,24.83,169,0,116,Spain
CUST-11055,7.37,10.06,74,1,71,Germany
CUST-11056,9.86,7.21,214,1,18,Italy
CUST-11057,16.91,6.83,531,1,68,Germany
CUST-11058,12.74,15.64,297,1,113,Germany
CUST-11059,8.44,11.68,203,1,61,Spain
CUST-11060,14.12,13.25,82,1,75,Spain
CUST-11061,5.0,21.14,143,0,107,Spain
CUST-11062,16.73,9.03,41,0,20,United Kingdom
CUST-11063,5.0,11.16,64,3,11,Italy
CUST-11064,8.47,6.77,217,2,79,France
CUST-11065,6.03,4.87,33,1,46,Germany
CUST-11066,5.57,5.61,128,0,64,Spain
CUST-11067,16.82,0.84,58,0,81,France
CUST-11068,8.08,12.23,67,0,98,Germany
CUST-11069,11.66,11.44,172,1,114,United Kingdom
CUST-11070,9.77,12.07,93,0,112,United Kingdom
CUST-11071,12.36,4.62,48,1,76,France
CUST-11072,10.33,5.68,108,0,106,France
CUST-11073,5.6,5.54,46,1,28,Italy
CUST-11074,15.62,17.05,361,1,48,United Kingdom
CUST-11075,7.99,9.81,264,2,35,Spain
CUST-11076,5.0,8.96,263,3,8,United Kingdom
CUST-11077,8.23,14.03,86,4,91,Spain
CUST-11078,19.6,5.56,222,3,22,France
CUST-11079,14.62,10.99,190,1,118,Spain
CUST-11080,8.53,26.77,91,1,24,Italy
CUST-11081,8.52,18.7,156,2,66,Germany
CUST-11082,8.63,10.88,39,2,95,Spain
CUST-11083,25.39,9.19,69,1,86,Spain
CUST-11084,11.84,12.0,153,0,64,United Kingdom
CUST-11085,12.1,20.29,113,2,65,Germany
CUST-11086,15.86,19.42,208,0,14,Spain
CUST-11087,11.11,22.36,93,2,25,Spain
CUST-11088,8.88,10.18,126,0,100,United Kingdom
CUST-11089,9.13,1.28,162,2,100,France
CUST-11090,9.66,25.64,87,2,105,Spain
CUST-11091,9.81,4.86,124,3,3,Germany
CUST-11092,13.84,13.88,189,3,5,Italy
CUST-11093,10.21,1.31,427,1,65,Spain
CUST-11094,13.87,8.84,87,0,54,United Kingdom
CUST-11095,9.62,6.91,113,1,19,Spain
CUST-11096,10.33,22.39,295,1,97,Spain
CUST-11097,5.0,10.97,343,2,106,Spain
CUST-11098,15.06,8.77,236,1,54,United Kingdom
CUST-11099,11.66,11.76,337,1,94,Germany
CUST-11100,15.63,0.5,83,0,76,France
CUST-11101,5.0,5.46,317,1,10,Spain
CUST-11102,25.53,6.1,270,1,98,Spain
CUST-11103,9.37,12.96,66,1,16,France
CUST-11104,16.42,4.06,127,3,104,Spain
CUST-11105,6.25,9.89,20,1,46,Spain
CUST-11106,13.14,8.21,179,0,29,United Kingdom
CUST-11107,6.21,5.68,313,1,15,Italy
CUST-11108,7.53,5.96,109,2,48,Spain
CUST-11109,23.6,8.16,73,1,11,France
CUST-11110,9.15,1.7,69,2,108,Spain
CUST-11111,11.0,14.15,160,2,34,France
CUST-11112,14.75,4.83,235,2,36,France
CUST-11113,12.47,7.23,433,0,30,Germany
CUST-11114,10.67,21.9,18,0,99,United Kingdom
CUST-11115,11.75,14.3,400,0,73,United Kingdom
CUST-11116,29.42,3.5,186,2,82,Spain
CUST-11117,9.72,0.5,304,0,19,Spain
CUST-11118,10.92,12.08,260,4,103,United Kingdom
CUST-11119,16.0,7.43,167,0,68,Italy
CUST-11120,16.4,9.93,163,0,70,United Kingdom
CUST-11121,17.02,14.0,213,0,115,Germany
CUST-11122,13.3,15.4,135,1,33,Spain
CUST-11123,5.96,6.45,143,1,96,United Kingdom
CUST-11124,20.8,8.07,242,1,80,Spain
CUST-11125,5.95,11.19,87,0,75,Spain
CUST-11126,11.43,11.67,322,1,22,United Kingdom
CUST-11127,7.1,9.87,305,0,36,Germany
CUST-11128,9.69,20.44,114,4,114,United Kingdom
CUST-11129,11.56,11.59,244,1,23,France
CUST-11130,11.53,13.87,224,0,63,Germany
CUST-11131,12.06,10.42,105,0,26,Spain
CUST-11132,20.62,4.04,256,1,60,Germany
CUST-11133,12.23,5.45,418,1,95,Spain
CUST-11134,8.94,3.38,329,1,93,Spain
CUST-11135,15.39,16.47,47,1,5,Spain
CUST-11136,17.03,2.4,229,1,54,Spain
CUST-11137,5.74,7.84,296,0,38,Germany
CUST-11138,13.05,6.7,99,2,62,Italy
CUST-11139,13.67,6.58,322,0,25,Spain
CUST-11140,8.72,6.99,91,0,98,Spain
CUST-11141,18.52,22.78,134,3,12,Spain
CUST-11142,9.32,1.58,94,4,22,France
CUST-11143,10.55,18.91,82,3,9,United Kingdom
CUST-11144,9.23,7.41,212,0,84,United Kingdom
CUST-11145,10.04,14.78,52,1,29,Germany
CUST-11146,6.09,9.15,139,2,44,United Kingdom
CUST-11147,5.22,3.67,212,0,93,Italy
CUST-11148,20.44,20.01,95,0,109,Spain
CUST-11149,6.81,18.16,359,0,27,Italy
CUST-11150,6.38,3.9,148,3,118,Spain
CUST-11151,5.0,12.67,460,1,55,Spain
CUST-11152,7.48,5.64,46,1,81,Germany
CUST-11153,5.5,2.49,218,0,5,France
CUST-11154,20.88,4.84,189,0,52,Germany
CUST-11155,15.71,19.3,123,0,109,Spain
CUST-11156,7.32,15.0,168,0,13,Italy
CUST-11157,27.48,7.05,240,1,42,Spain
CUST-11158,15.51,19.36,271,4,15,Spain
CUST-11159,8.62,17.32,151,1,79,Spain
CUST-11160,5.0,4.85,220,3,18,Germany
CUST-11161,27.96,22.24,87,1,50,France
CUST-11162,5.34,6.65,275,0,2,United Kingdom
CUST-11163,5.0,7.31,404,3,87,Spain
CUST-11164,15.8,1.62,289,3,107,Spain
CUST-11165,29.9,5.56,94,1,13,Spain
CUST-11166,18.6,7.88,76,1,107,United Kingdom
CUST-11167,12.86,10.61,645,0,68,France
CUST-11168,13.04,3.68,387,2,47,France
CUST-11169,14.64,5.02,272,2,118,Italy
CUST-11170,14.03,22.53,421,1,119,Spain
CUST-11171,11.32,16.62,164,1,89,Spain
CUST-11172,10.45,18.52,269,1,75,United Kingdom
CUST-11173,9.7,8.34,356,0,50,France
CUST-11174,7.1,10.81,135,1,112,United Kingdom
CUST-11175,8.79,12.85,229,0,106,Italy
CUST-11176,5.0,22.33,331,0,12,France
CUST-11177,9.54,2.45,71,2,13,Spain
CUST-11178,6.39,5.98,125,3,9,Spain
CUST-11179,6.07,10.18,326,2,59,Germany
CUST-11180,10.82,9.18,193,2,117,France
CUST-11181,18.66,4.97,175,1,45,Spain
CUST-11182,15.08,12.15,161,0,102,Spain
CUST-11183,5.0,6.15,348,0,70,France
CUST-11184,6.39,8.74,78,3,107,France
CUST-11185,15.23,11.81,118,2,115,Spain
CUST-11186,6.41,6.36,51,1,43,United Kingdom
CUST-11187,9.02,14.23,132,0,74,Spain
CUST-11188,12.78,15.87,186,2,23,Italy
CUST-11189,6.45,5.11,28,0,79,Spain
CUST-11190,10.46,6.12,88,0,45,Germany
CUST-11191,5.47,4.13,193,0,23,United Kingdom
CUST-11192,7.61,8.61,226,0,104,Spain
CUST-11193,11.52,10.6,481,1,101,United Kingdom
CUST-11194,5.0,6.8,249,2,34,Spain
CUST-11195,12.16,10.41,147,0,16,France
CUST-11196,9.89,6.0,183,0,63,France
CUST-11197,12.79,6.14,187,1,109,Spain
CUST-11198,11.03,10.96,119,0,51,Spain
CUST-11199,18.43,6.44,198,0,105,Germany
CUST-11200,10.55,8.3,114,4,111,Spain
CUST-11201,8.22,11.21,205,1,32,United Kingdom
CUST-11202,10.54,10.31,161,0,38,Spain
CUST-11203,12.74,6.06,142,0,104,Italy
CUST-11204,10.2,16.87,145,0,56,United Kingdom
CUST-11205,10.16,2.33,277,0,110,France
CUST-11206,7.27,0.5,260,0,69,Spain
CUST-11207,7.4,12.48,137,1,17,Spain
CUST-11208,5.31,10.18,270,2,86,Spain
CUST-11209,21.92,3.7,159,1,39,Spain
CUST-11210,5.7,9.33,160,0,41,France
CUST-11211,7.3,5.48,119,0,48,France
CUST-11212,7.22,11.91,450,2,82,United Kingdom
CUST-11213,14.92,0.5,420,0,28,France
CUST-11214,8.73,7.24,100,1,77,Spain
CUST-11215,17.49,5.87,131,1,50,Spain
CUST-11216,7.37,14.26,216,1,106,Germany
CUST-11217,11.31,1.68,244,1,1,France
CUST-11218,6.85,8.94,73,2,117,France
CUST-11219,26.19,12.39,83,6,50,Spain
CUST-11220,5.84,24.84,244,4,19,United Kingdom
CUST-11221,11.47,6.13,47,3,98,Spain
CUST-11222,13.27,10.72,101,4,59,Germany
CUST-11223,12.02,1.79,298,0,68,France
CUST-11224,9.18,8.63,289,2,107,Spain
CUST-11225,9.41,17.62,434,0,67,Germany
CUST-11226,10.17,24.98,527,4,41,United Kingdom
CUST-11227,9.34,11.38,810,1,10,Germany
CUST-11228,15.39,2.32,128,1,28,Spain
CUST-11229,26.97,19.35,106,2,34,Spain
CUST-11230,7.76,2.34,222,1,39,Spain
CUST-11231,5.38,3.41,52,1,111,Spain
CUST-11232,9.59,20.35,140,0,83,Germany
CUST-11233,31.84,8.21,186,1,106,France
CUST-11234,6.95,5.64,233,2,56,France
CUST-11235,20.86,13.47,251,0,52,Italy
CUST-11236,21.22,9.67,137,2,110,Spain
CUST-11237,7.77,16.67,60,2,100,Italy
CUST-11238,12.88,9.97,72,0,107,Italy
CUST-11239,20.75,10.12,25,2,3,United Kingdom
CUST-11240,8.41,16.3,109,2,23,Spain
CUST-11241,9.1,8.14,51,3,17,France
CUST-11242,7.68,4.42,115,1,71,Spain
CUST-11243,6.32,13.95,220,1,26,Germany
CUST-11244,7.45,7.06,61,1,107,Spain
CUST-11245,5.75,10.49,179,2,18,United Kingdom
CUST-11246,10.13,1.43,136,2,110,United Kingdom
CUST-11247,7.05,7.91,213,2,46,Spain
CUST-11248,11.08,5.93,247,1,70,United Kingdom
CUST-11249,5.0,1.38,130,1,31,Spain
CUST-11250,11.58,8.08,168,1,93,United Kingdom
CUST-11251,14.51,8.27,136,2,9,Germany
CUST-11252,5.0,10.99,118,3,118,Spain
CUST-11253,11.8,17.44,97,2,35,Germany
CUST-11254,17.33,15.75,232,1,81,Spain
CUST-11255,5.79,6.24,386,0,60,France
CUST-11256,21.17,9.81,357,4,76,Italy
CUST-11257,12.04,12.02,56,0,63,Spain
CUST-11258,7.26,6.37,382,2,100,Italy
CUST-11259,9.73,2.54,79,2,52,United Kingdom
CUST-11260,12.82,7.5,186,2,48,Spain
CUST-11261,10.32,17.89,210,2,61,Italy
CUST-11262,12.71,2.43,44,2,24,Spain
CUST-11263,6.59,4.07,147,0,74,Spain
CUST-11264,10.76,4.79,397,0,58,France
CUST-11265,5.28,4.1,16,1,64,Germany
CUST-11266,9.49,13.5,675,1,30,Germany
CUST-11267,6.64,5.46,23,1,29,Spain
CUST-11268,7.16,13.73,206,1,103,Italy
CUST-11269,17.4,8.93,46,1,10,France
CUST-11270,16.3,1.92,229,1,39,Italy
CUST-11271,13.12,6.47,347,0,55,Spain
CUST-11272,6.1,16.04,288,1,28,France
CUST-11273,8.65,9.61,319,2,18,Germany
CUST-11274,17.22,6.83,137,3,41,United Kingdom
CUST-11275,10.63,18.02,395,1,118,Italy
CUST-11276,28.32,3.75,581,2,114,Spain
CUST-11277,11.91,5.61,179,4,81,Spain
CUST-11278,10.87,15.12,125,0,75,Italy
CUST-11279,8.68,13.33,89,1,65,Italy
CUST-11280,10.59,3.49,276,1,81,Spain
CUST-11281,9.31,11.76,329,4,100,Spain
CUST-11282,13.72,5.39,125,0,100,Germany
CUST-11283,15.34,1.31,451,1,46,Italy
CUST-11284,7.0,6.93,260,1,60,France
CUST-11285,5.48,25.94,178,2,9,France
CUST-11286,5.0,16.21,211,1,45,Germany
CUST-11287,12.54,8.39,73,2,60,Spain
CUST-11288,6.07,2.29,274,1,28,Italy
CUST-11289,5.0,1.36,78,1,112,United Kingdom
CUST-11290,11.88,8.95,113,1,97,France
CUST-11291,30.63,11.27,159,0,3,United Kingdom
CUST-11292,9.95,13.6,524,0,51,United Kingdom
CUST-11293,14.55,12.64,199,1,8,France
CUST-11294,10.35,13.32,84,2,114,Italy
CUST-11295,9.54,10.4,211,1,70,France
CUST-11296,15.08,17.78,250,0,59,Germany
CUST-11297,8.75,5.93,365,2,116,Spain
CUST-11298,11.25,8.86,165,1,61,Germany
CUST-11299,11.53,1.92,95,2,58,Spain
CUST-11300,7.38,5.83,613,1,70,Spain
CUST-11301,15.59,15.94,212,2,93,Spain
CUST-11302,9.22,13.05,85,0,101,France
CUST-11303,7.1,0.86,164,3,12,Italy
CUST-11304,12.7,27.11,113,0,9,France
CUST-11305,6.66,9.63,379,3,105,Spain
CUST-11306,10.1,9.75,248,2,49,Spain
CUST-11307,9.93,5.56,132,0,83,United Kingdom
CUST-11308,16.26,6.5,329,0,17,Spain
CUST-11309,12.35,9.55,154,1,54,United Kingdom
CUST-11310,9.86,12.59,161,1,112,France
CUST-11311,14.41,10.72,93,1,44,Italy
CUST-11312,18.65,5.89,92,1,32,United Kingdom
CUST-11313,12.82,4.37,587,1,35,Spain
CUST-11314,10.02,4.14,319,4,78,Germany
CUST-11315,5.53,16.71,29,5,49,Germany
CUST-11316,6.18,15.49,76,0,54,Germany
CUST-11317,8.69,11.86,63,0,16,Spain
CUST-11318,7.58,16.63,175,0,85,United Kingdom
CUST-11319,9.17,7.95,122,4,12,Italy
CUST-11320,10.23,14.67,429,1,88,Spain
CUST-11321,12.66,12.26,131,3,98,France
CUST-11322,9.66,14.92,549,1,8,Spain
CUST-11323,12.42,3.81,158,1,108,United Kingdom
CUST-11324,10.27,0.71,626,2,21,Germany
CUST-11325,5.0,10.3,144,2,48,United Kingdom
CUST-11326,6.54,6.76,146,1,8,Germany
CUST-11327,9.35,1.07,315,0,28,United Kingdom
CUST-11328,5.79,18.36,285,1,80,Italy
CUST-11329,13.07,15.51,54,2,10,United Kingdom
CUST-11330,19.86,10.9,179,2,52,Spain
CUST-11331,17.26,4.59,121,0,15,United Kingdom
CUST-11332,9.06,1.84,115,1,4,Germany
CUST-11333,19.51,1.05,178,2,90,Germany
CUST-11334,10.66,5.8,135,3,79,United Kingdom
CUST-11335,8.57,13.44,192,3,100,France
CUST-11336,7.57,6.81,73,0,96,Germany
CUST-11337,8.7,11.96,43,1,62,Germany
CUST-11338,8.38,12.34,323,2,107,France
CUST-11339,10.77,13.32,356,2,102,Germany
CUST-11340,10.72,1.53,309,3,4,France
CUST-11341,9.99,4.91,172,1,41,Spain
CUST-11342,12.14,11.82,127,1,73,Spain
CUST-11343,17.04,20.8,103,2,99,Italy
CUST-11344,15.29,17.35,88,2,55,Spain
CUST-11345,5.11,10.53,158,1,28,United Kingdom
CUST-11346,5.0,18.48,350,0,101,Italy
CUST-11347,15.19,10.48,96,0,47,Spain
CUST-11348,5.39,2.37,350,2,9,Germany
CUST-11349,9.01,13.18,45,1,2,Germany
CUST-11350,5.89,17.72,199,1,67,Italy
CUST-11351,5.0,24.75,228,1,117,Spain
CUST-11352,12.73,5.68,112,1,108,Spain
CUST-11353,14.04,3.49,69,2,48,Italy
CUST-11354,7.69,14.7,295,0,69,Spain
CUST-11355,5.0,11.37,173,2,74,United Kingdom
CUST-11356,7.8,10.71,745,1,28,France
CUST-11357,11.9,18.64,354,1,79,Spain
CUST-11358,5.13,14.66,355,2,14,Italy
CUST-11359,10.83,12.06,12,2,46,France
CUST-11360,9.91,6.23,98,1,87,Spain
CUST-11361,12.94,13.93,62,1,13,Spain
CUST-11362,10.53,3.36,23,0,16,Spain
CUST-11363,6.44,10.46,163,1,94,Spain
CUST-11364,17.09,8.47,290,1,40,Germany
CUST-11365,9.29,2.26,75,1,72,Spain
CUST-11366,9.85,11.39,25,2,81,United Kingdom
CUST-11367,6.55,5.69,81,1,30,Italy
CUST-11368,8.17,11.21,149,0,81,France
CUST-11369,6.7,4.16,141,1,99,Spain
CUST-11370,9.23,14.75,169,3,65,Italy
CUST-11371,21.55,22.77,225,3,113,Spain
CUST-11372,5.38,3.37,166,0,58,Italy
CUST-11373,5.0,4.16,301,2,88,France
CUST-11374,19.34,2.89,76,0,48,Germany
CUST-11375,9.08,7.47,137,2,49,Germany
CUST-11376,7.38,11.1,251,3,89,United Kingdom
CUST-11377,15.93,13.4,205,0,2,Germany
CUST-11378,7.59,10.33,509,1,89,Germany
CUST-11379,22.69,13.14,79,1,14,United Kingdom
CUST-11380,13.53,8.26,254,1,103,United Kingdom
CUST-11381,8.01,5.64,102,0,115,Italy
CUST-11382,26.33,4.24,93,1,97,United Kingdom
CUST-11383,7.59,7.66,340,2,17,Germany
CUST-11384,13.93,4.33,165,2,31,France
CUST-11385,11.41,10.88,203,2,10,France
CUST-11386,17.92,4.38,108,2,70,Spain
CUST-11387,20.14,6.1,113,2,103,Spain
CUST-11388,10.12,16.66,42,0,89,United Kingdom
CUST-11389,7.11,17.64,191,3,102,France
CUST-11390,12.27,17.3,70,2,37,France
CUST-11391,7.35,8.36,151,0,64,France
CUST-11392,24.68,5.81,301,5,30,France
CUST-11393,10.61,11.96,31,2,34,Germany
CUST-11394,8.46,4.46,870,1,18,Spain
CUST-11395,10.84,13.81,91,2,88,France
CUST-11396,5.44,5.43,154,2,63,Spain
CUST-11397,6.44,7.44,202,1,49,United Kingdom
CUST-11398,17.12,14.01,89,0,56,Spain
CUST-11399,7.42,1.76,117,1,91,United Kingdom
CUST-11400,6.23,5.6,347,3,58,United Kingdom
CUST-11401,12.7,11.03,279,0,27,Spain
CUST-11402,17.01,12.58,139,1,55,United Kingdom
CUST-11403,13.78,11.32,168,3,103,Italy
CUST-11404,15.61,7.38,186,1,85,Spain
CUST-11405,7.1,14.89,246,0,19,Germany
CUST-11406,5.26,4.13,258,1,103,United Kingdom
CUST-11407,19.6,3.99,254,1,23,Spain
CUST-11408,8.63,10.96,122,0,103,Spain
CUST-11409,8.91,3.77,182,1,112,Spain
CUST-11410,18.13,23.24,323,0,108,Germany
CUST-11411,12.81,5.72,612,1,47,Spain
CUST-11412,12.25,14.72,178,1,79,Spain
CUST-11413,26.42,3.26,110,2,107,Spain
CUST-11414,7.47,20.34,87,2,66,France
CUST-11415,15.14,8.75,255,2,99,France
CUST-11416,10.23,5.61,40,1,51,United Kingdom
CUST-11417,11.26,7.02,257,1,84,United Kingdom
CUST-11418,19.84,4.96,260,1,28,United Kingdom
CUST-11419,12.54,7.43,113,1,57,Spain
CUST-11420,12.71,3.42,199,3,58,United Kingdom
CUST-11421,16.16,5.74,142,2,15,France
CUST-11422,8.46,14.54,52,3,16,France
CUST-11423,6.84,9.96,244,2,97,Germany
CUST-11424,6.23,4.07,230,3,47,France
CUST-11425,5.0,7.6,120,1,63,Spain
CUST-11426,25.16,17.76,606,2,12,Spain
CUST-11427,6.07,6.23,169,1,103,United Kingdom
CUST-11428,9.03,3.74,28,0,103,Germany
CUST-11429,8.81,12.29,334,1,43,Spain
CUST-11430,11.45,1.14,285,1,84,Italy
CUST-11431,14.4,7.13,307,3,29,United Kingdom
CUST-11432,14.69,18.71,74,2,107,Spain
CUST-11433,7.67,7.46,196,1,49,France
CUST-11434,9.25,15.44,167,1,3,Spain
CUST-11435,11.33,3.7,148,2,112,United Kingdom
CUST-11436,8.92,7.26,392,0,69,United Kingdom
CUST-11437,20.56,6.79,170,3,60,Spain
CUST-11438,12.44,11.88,123,0,66,Germany
CUST-11439,13.88,9.07,123,1,87,Germany
CUST-11440,13.44,20.23,69,0,90,Spain
CUST-11441,16.91,5.99,183,1,26,United Kingdom
CUST-11442,10.82,9.0,412,0,71,Spain
CUST-11443,5.56,6.97,131,1,74,Germany
CUST-11444,11.94,8.57,203,0,69,Spain
CUST-11445,7.44,8.06,146,0,47,United Kingdom
CUST-11446,7.86,4.42,158,0,76,Spain
CUST-11447,12.99,14.05,293,2,96,Spain
CUST-11448,17.41,5.3,68,1,42,Germany
CUST-11449,10.07,5.03,44,0,31,Germany
CUST-11450,11.46,2.38,335,0,22,United Kingdom
CUST-11451,21.46,5.86,111,2,17,France
CUST-11452,11.12,5.25,125,1,84,United Kingdom
CUST-11453,32.16,1.39,688,1,20,Spain
CUST-11454,12.86,7.4,284,2,107,Spain
CUST-11455,5.0,19.69,83,3,8,United Kingdom
CUST-11456,14.0,2.78,350,0,111,Germany
CUST-11457,11.84,8.46,288,2,98,Italy
CUST-11458,17.82,7.28,10,1,49,Spain
CUST-11459,13.5,12.9,187,1,87,United Kingdom
CUST-11460,9.37,13.5,71,1,38,Spain
CUST-11461,5.75,28.55,157,3,53,Germany
CUST-11462,9.08,10.2,613,2,28,Germany
CUST-11463,6.8,4.75,302,0,77,Spain
CUST-11464,7.68,5.74,329,1,29,France
CUST-11465,13.0,6.18,146,1,72,Germany
CUST-11466,21.15,5.41,330,1,11,Spain
CUST-11467,11.91,22.63,94,0,47,United Kingdom
CUST-11468,5.82,13.1,186,1,45,France
CUST-11469,12.18,11.81,292,1,18,Spain
CUST-11470,17.09,3.82,286,4,50,United Kingdom
CUST-11471,7.58,13.42,47,1,89,Spain
CUST-11472,9.39,16.94,530,2,49,United Kingdom
CUST-11473,10.04,7.37,80,1,22,Germany
CUST-11474,7.01,5.7,766,1,45,United Kingdom
CUST-11475,13.35,20.53,298,1,61,Spain
CUST-11476,9.45,5.17,281,2,99,Spain
CUST-11477,12.05,4.77,86,0,93,France
CUST-11478,6.69,4.19,114,0,21,Spain
CUST-11479,8.19,8.19,503,2,120,France
CUST-11480,13.81,10.18,461,2,71,Spain
CUST-11481,8.43,15.56,149,2,61,Germany
CUST-11482,21.7,12.15,140,2,76,Germany
CUST-11483,8.33,12.03,143,4,36,Italy
CUST-11484,11.04,18.53,351,0,24,Spain
CUST-11485,15.18,4.04,329,2,32,France
CUST-11486,5.27,2.64,220,0,91,Spain
CUST-11487,5.0,12.53,187,0,96,Germany
CUST-11488,5.02,7.93,148,1,59,Spain
CUST-11489,17.6,15.6,728,2,96,Germany
CUST-11490,7.78,8.44,52,0,96,United Kingdom
CUST-11491,31.54,5.56,126,0,90,Germany
CUST-11492,7.74,12.64,210,0,75,Germany
CUST-11493,10.84,9.15,42,0,110,United Kingdom
CUST-11494,19.96,8.45,108,1,82,Italy
CUST-11495,24.6,31.71,608,0,103,Spain
CUST-11496,25.22,17.68,315,0,5,Italy
CUST-11497,17.18,13.66,108,0,16,Germany
CUST-11498,15.81,9.34,105,4,11,Italy
CUST-11499,13.02,8.82,52,1,118,Spain
CUST-11500,14.16,7.0,120,1,35,Spain
CUST-11501,7.78,9.97,248,1,112,Germany
CUST-11502,6.9,6.1,220,1,75,Italy
CUST-11503,9.96,3.38,125,1,42,Spain
CUST-11504,9.24,8.38,79,2,87,Spain
CUST-11505,8.13,10.5,146,2,119,Spain
CUST-11506,13.65,15.62,144,3,98,Germany
CUST-11507,15.33,4.79,289,2,112,Germany
CUST-11508,10.38,8.87,198,1,81,Spain
CUST-11509,19.39,12.09,180,0,10,Spain
CUST-11510,5.97,11.93,372,2,82,France
CUST-11511,9.14,21.96,459,0,108,Spain
CUST-11512,7.22,7.09,218,1,8,Germany
CUST-11513,5.0,4.49,222,3,26,United Kingdom
CUST-11514,9.61,9.26,154,3,3,France
CUST-11515,9.44,7.35,85,1,59,Germany
CUST-11516,19.71,6.48,304,1,116,United Kingdom
CUST-11517,13.25,5.88,266,0,88,Spain
CUST-11518,6.29,10.52,163,0,3,Germany
CUST-11519,22.97,5.31,198,0,38,Spain
CUST-11520,17.28,13.65,356,0,2,Italy
CUST-11521,12.96,13.26,395,1,99,Spain
CUST-11522,9.01,11.13,13,1,17,Germany
CUST-11523,6.48,4.03,102,2,73,Spain
CUST-11524,8.44,10.22,163,1,36,Spain
CUST-11525,16.28,16.25,69,2,86,United Kingdom
CUST-11526,23.29,14.25,202,1,95,Italy
CUST-11527,19.97,13.05,106,1,119,Italy
CUST-11528,8.0,8.78,207,1,98,Spain
CUST-11529,6.03,8.52,109,0,88,Spain
CUST-11530,10.63,17.85,113,0,73,United Kingdom
CUST-11531,5.0,10.42,206,0,110,Spain
CUST-11532,11.54,10.5,313,1,107,Germany
CUST-11533,9.33,37.12,255,1,2,United Kingdom
CUST-11534,8.09,6.99,164,0,85,Germany
CUST-11535,5.0,1.27,30,1,34,Germany
CUST-11536,12.57,7.7,111,1,27,France
CUST-11537,7.85,8.01,101,1,37,Germany
CUST-11538,5.89,10.32,277,2,71,Spain
CUST-11539,5.0,11.86,188,1,22,Spain
CUST-11540,9.85,1.51,193,0,68,Germany
CUST-11541,22.14,12.01,88,3,14,Spain
CUST-11542,21.06,8.33,406,1,98,Spain
CUST-11543,8.12,7.21,192,0,23,Italy
CUST-11544,7.61,2.26,84,3,44,France
CUST-11545,12.32,20.08,89,0,106,United Kingdom
CUST-11546,6.36,6.42,212,3,89,France
CUST-11547,11.43,13.16,81,2,65,Spain
CUST-11548,14.08,4.74,102,2,115,Italy
CUST-11549,17.32,10.61,66,0,119,Spain
CUST-11550,9.53,7.29,275,1,112,France
CUST-11551,9.1,12.91,83,1,79,Germany
CUST-11552,6.72,7.12,449,0,96,United Kingdom
CUST-11553,6.88,4.58,231,2,78,Germany
CUST-11554,9.01,8.58,65,1,105,Italy
CUST-11555,11.77,8.3,254,0,61,Germany
CUST-11556,15.05,10.17,406,0,85,Spain
CUST-11557,6.95,15.32,159,0,55,France
CUST-11558,19.53,3.84,437,4,111,Italy
CUST-11559,8.83,14.85,234,5,71,United Kingdom
CUST-11560,9.88,3.39,107,3,100,France
CUST-11561,7.13,12.61,614,2,85,United Kingdom
CUST-11562,5.0,12.85,51,1,50,Spain
CUST-11563,14.85,6.19,131,1,104,Spain
CUST-11564,13.9,4.92,164,1,12,Italy
CUST-11565,8.79,4.73,549,1,79,France
CUST-11566,10.28,9.12,279,0,15,Spain
CUST-11567,12.58,13.36,248,0,17,Germany
CUST-11568,5.0,7.86,94,0,34,United Kingdom
CUST-11569,7.86,1.13,154,2,108,Germany
CUST-11570,14.26,5.91,109,0,35,Spain
CUST-11571,5.67,5.76,243,1,39,Italy
CUST-11572,11.38,11.81,365,2,102,France
CUST-11573,5.42,12.18,703,0,78,Germany
CUST-11574,12.3,9.57,118,1,55,Spain
CUST-11575,9.82,14.87,49,0,59,Spain
CUST-11576,5.0,15.54,133,0,5,Spain
CUST-11577,16.85,6.16,333,2,30,Italy
CUST-11578,7.17,4.66,85,1,4,Spain
CUST-11579,6.93,8.23,168,1,15,France
CUST-11580,10.92,9.56,251,2,103,Spain
CUST-11581,16.72,5.94,120,0,35,Spain
CUST-11582,6.31,42.34,198,0,109,Spain
CUST-11583,10.25,19.39,78,0,74,Germany
CUST-11584,12.1,5.56,381,2,55,Germany
CUST-11585,13.62,3.96,141,0,66,Italy
CUST-11586,10.8,5.24,194,2,108,Italy
CUST-11587,8.46,15.71,32,1,60,Spain
CUST-11588,6.87,15.93,69,1,24,Germany
CUST-11589,10.37,19.53,325,2,92,United Kingdom
CUST-11590,6.16,4.55,119,0,22,Germany
CUST-11591,5.0,11.78,81,3,44,Spain
CUST-11592,12.14,4.87,46,1,32,Germany
CUST-11593,14.98,22.02,377,1,95,Spain
CUST-11594,5.0,4.67,271,0,83,Spain
CUST-11595,6.33,3.29,259,5,51,Spain
CUST-11596,13.18,3.79,475,0,85,Spain
CUST-11597,25.18,8.61,132,0,3,United Kingdom
CUST-11598,10.07,13.25,50,1,70,Germany
CUST-11599,7.19,12.73,176,1,32,Germany
CUST-11600,9.19,3.92,534,2,2,Spain
CUST-11601,18.52,6.65,178,0,88,Spain
CUST-11602,7.46,6.06,359,1,109,United Kingdom
CUST-11603,6.96,3.49,52,1,59,Italy
CUST-11604,8.03,5.96,92,0,91,Spain
CUST-11605,6.49,19.05,313,2,73,United Kingdom
CUST-11606,10.54,3.13,191,1,77,Spain
CUST-11607,20.72,9.97,157,0,119,United Kingdom
CUST-11608,11.53,19.3,355,1,14,Spain
CUST-11609,8.9,18.72,310,1,51,Spain
CUST-11610,8.75,22.62,195,0,11,Spain
CUST-11611,5.0,10.59,13,1,78,Spain
CUST-11612,14.84,11.58,170,4,80,Spain
CUST-11613,9.63,6.04,229,3,10,France
CUST-11614,9.2,3.07,33,1,84,Spain
CUST-11615,41.97,7.85,224,1,80,Spain
CUST-11616,11.41,16.86,366,0,58,Spain
CUST-11617,7.11,1.11,170,1,34,Germany
CUST-11618,8.23,6.23,74,0,80,France
CUST-11619,16.72,12.28,15,0,78,Germany
CUST-11620,10.5,8.69,227,1,53,United Kingdom
CUST-11621,5.22,18.11,37,1,28,Spain
CUST-11622,15.08,15.84,258,1,18,Spain
CUST-11623,7.38,2.76,517,1,26,United Kingdom
CUST-11624,23.17,9.16,96,5,102,France
CUST-11625,16.22,5.05,144,5,7,Italy
CUST-11626,8.16,5.0,536,3,45,Italy
CUST-11627,17.75,2.94,185,2,98,United Kingdom
CUST-11628,10.28,10.16,120,1,111,United Kingdom
CUST-11629,14.64,18.34,333,2,113,Spain
CUST-11630,12.41,10.74,125,1,45,Spain
CUST-11631,6.82,2.79,91,0,71,Italy
CUST-11632,7.47,8.37,255,3,97,Spain
CUST-11633,15.85,11.98,350,2,35,Italy
CUST-11634,8.58,7.96,90,0,52,United Kingdom
CUST-11635,8.32,10.62,196,0,114,United Kingdom
CUST-11636,6.49,5.35,148,1,103,Spain
CUST-11637,12.07,7.35,167,0,21,France
CUST-11638,25.23,7.05,74,3,113,United Kingdom
CUST-11639,6.17,20.34,269,0,28,United Kingdom
CUST-11640,10.08,3.98,448,1,96,Spain
CUST-11641,18.83,1.27,88,2,44,Spain
CUST-11642,9.62,19.58,268,2,80,United Kingdom
CUST-11643,12.23,9.37,328,3,56,Spain
CUST-11644,6.18,3.35,195,1,10,France
CUST-11645,12.09,15.01,261,0,23,France
CUST-11646,9.17,12.44,97,1,48,Spain
CUST-11647,15.54,22.31,432,1,52,France
CUST-11648,17.02,9.85,352,0,114,Spain
CUST-11649,31.99,31.76,379,0,15,France
CUST-11650,12.95,8.01,63,2,55,Spain
CUST-11651,11.55,12.45,239,1,43,Spain
CUST-11652,10.89,13.57,103,1,50,Spain
CUST-11653,8.51,42.95,456,2,6,Germany
CUST-11654,11.62,6.4,90,1,33,Spain
CUST-11655,8.73,6.26,201,2,62,Spain
CUST-11656,10.76,13.74,24,1,55,United Kingdom
CUST-11657,18.05,3.12,200,0,39,Spain
CUST-11658,6.34,5.02,64,0,12,Germany
CUST-11659,16.66,7.86,247,0,116,France
CUST-11660,18.04,21.89,152,1,100,Italy
CUST-11661,9.46,13.74,128,2,31,Spain
CUST-11662,5.0,9.13,463,1,74,Spain
CUST-11663,7.59,5.99,641,2,53,Germany
CUST-11664,17.88,27.11,48,0,34,France
CUST-11665,9.87,8.33,131,4,41,Spain
CUST-11666,6.36,5.02,297,1,10,France
CUST-11667,7.95,30.18,220,0,52,Germany
CUST-11668,14.56,3.24,287,3,75,Spain
CUST-11669,12.76,18.68,160,0,57,France
CUST-11670,8.96,8.75,362,2,78,Spain
CUST-11671,8.46,13.72,195,1,3,Italy
CUST-11672,8.36,12.24,229,3,57,United Kingdom
CUST-11673,6.59,13.6,64,2,33,Spain
CUST-11674,20.63,31.79,181,1,7,United Kingdom
CUST-11675,8.63,28.95,300,1,4,Italy
CUST-11676,17.25,5.22,212,1,39,Germany
CUST-11677,19.78,11.95,187,1,48,Spain
CUST-11678,15.63,2.03,239,1,74,France
CUST-11679,8.21,14.51,194,3,79,France
CUST-11680,11.96,16.63,164,2,16,Spain
CUST-11681,9.87,1.29,306,1,38,Spain
CUST-11682,6.64,8.54,156,1,4,France
CUST-11683,11.54,13.71,61,1,4,United Kingdom
CUST-11684,5.87,10.9,450,3,120,Spain
CUST-11685,17.02,3.3,106,0,119,Germany
CUST-11686,8.09,3.6,46,1,100,United Kingdom
CUST-11687,10.92,7.88,259,3,27,Spain
CUST-11688,11.33,6.4,487,1,86,Spain
CUST-11689,8.88,6.84,264,1,86,France
CUST-11690,12.99,2.93,409,1,17,France
CUST-11691,8.06,8.85,82,1,109,France
CUST-11692,14.76,22.0,61,2,98,Spain
CUST-11693,5.44,3.41,131,1,96,France
CUST-11694,10.56,7.44,344,1,116,Italy
CUST-11695,23.87,12.77,248,1,70,United Kingdom
CUST-11696,6.36,2.36,260,0,54,Spain
CUST-11697,7.35,8.91,187,2,97,Germany
CUST-11698,12.57,16.32,133,2,8,Spain
CUST-11699,10.81,4.03,193,2,114,Spain
CUST-11700,11.68,9.49,152,2,53,Spain
CUST-11701,12.43,15.6,126,3,100,Spain
CUST-11702,13.27,30.82,224,2,5,United Kingdom
CUST-11703,16.43,9.17,141,2,69,Spain
CUST-11704,11.99,5.11,207,1,47,Germany
CUST-11705,8.95,1.76,27,3,74,United Kingdom
CUST-11706,13.5,5.14,195,1,40,France
CUST-11707,23.45,2.78,140,3,7,United Kingdom
CUST-11708,9.4,23.07,423,1,12,France
CUST-11709,6.43,15.03,44,1,94,United Kingdom
CUST-11710,16.41,3.6,185,1,25,Germany
CUST-11711,9.45,4.89,302,1,28,Germany
CUST-11712,5.0,9.07,156,2,43,France
CUST-11713,14.6,16.24,137,0,77,United Kingdom
CUST-11714,7.84,11.97,301,0,47,Germany
CUST-11715,9.58,11.24,244,3,49,United Kingdom
CUST-11716,11.58,9.91,256,4,86,Spain
CUST-11717,10.87,3.76,126,1,54,Spain
CUST-11718,13.73,9.15,114,0,18,Italy
CUST-11719,8.2,8.43,207,3,27,Spain
CUST-11720,12.56,2.75,318,0,72,Germany
CUST-11721,8.87,22.72,54,0,6,Spain
CUST-11722,13.91,5.64,160,1,75,United Kingdom
CUST-11723,13.16,2.81,118,1,93,France
CUST-11724,6.55,6.34,175,3,105,Spain
CUST-11725,16.26,7.24,283,0,69,Germany
CUST-11726,7.84,8.26,89,2,71,France
CUST-11727,14.35,7.15,262,1,22,United Kingdom
CUST-11728,11.77,8.58,129,2,59,France
CUST-11729,22.81,9.58,351,0,47,Spain
CUST-11730,9.02,9.26,93,1,117,United Kingdom
CUST-11731,8.52,11.19,315,2,118,Spain
CUST-11732,9.89,11.62,59,1,68,Spain
CUST-11733,8.7,11.81,197,0,32,Italy
CUST-11734,14.3,13.71,266,3,83,France
CUST-11735,5.0,5.2,95,0,109,Germany
CUST-11736,6.21,5.34,121,0,97,France
CUST-11737,6.17,16.29,176,2,1,Spain
CUST-11738,15.3,6.48,136,0,54,France
CUST-11739,21.54,7.96,112,0,46,Germany
CUST-11740,9.52,7.48,304,1,41,Spain
CUST-11741,9.24,30.16,375,5,120,Germany
CUST-11742,10.29,4.55,360,1,108,France
CUST-11743,16.82,4.49,237,0,114,Spain
CUST-11744,6.57,8.6,259,0,41,United Kingdom
CUST-11745,11.1,7.63,82,1,8,United Kingdom
CUST-11746,15.47,3.57,164,0,32,Spain
CUST-11747,12.5,8.14,186,2,30,Germany
CUST-11748,10.86,8.76,212,1,46,Italy
CUST-11749,15.65,6.03,209,0,92,Germany
CUST-11750,5.0,7.81,176,1,105,Germany
CUST-11751,13.53,4.89,235,4,52,Italy
CUST-11752,7.43,3.58,203,0,96,Italy
CUST-11753,5.0,6.45,203,1,89,Spain
CUST-11754,12.55,4.03,100,0,98,United Kingdom
CUST-11755,18.51,3.04,67,0,61,Spain
CUST-11756,9.38,1.69,213,1,97,United Kingdom
CUST-11757,15.31,10.02,125,0,13,Italy
CUST-11758,20.6,6.3,104,2,89,Spain
CUST-11759,18.02,16.35,271,1,106,France
CUST-11760,20.86,6.67,166,0,40,France
CUST-11761,13.93,9.99,410,0,103,Spain
CUST-11762,10.32,5.44,252,2,61,Spain
CUST-11763,5.0,8.43,95,2,120,United Kingdom
CUST-11764,8.93,1.71,273,1,44,Spain
CUST-11765,6.82,6.38,227,0,113,France
CUST-11766,26.49,4.58,92,3,62,United Kingdom
CUST-11767,9.22,15.34,114,2,44,United Kingdom
CUST-11768,10.54,9.58,264,2,48,Spain
CUST-11769,12.78,14.04,35,3,74,United Kingdom
CUST-11770,10.17,17.45,22,2,59,Spain
CUST-11771,21.39,6.02,195,2,57,Italy
CUST-11772,7.54,9.31,185,3,95,Spain
CUST-11773,10.89,3.74,207,1,108,Germany
CUST-11774,7.14,10.97,185,2,11,France
CUST-11775,5.51,11.99,233,0,25,Germany
CUST-11776,7.57,10.5,378,1,61,Spain
CUST-11777,9.81,6.01,174,2,46,Spain
CUST-11778,8.22,23.99,50,2,54,United Kingdom
CUST-11779,7.3,8.75,31,0,116,Spain
CUST-11780,5.3,3.76,134,3,109,Italy
CUST-11781,9.61,12.7,136,0,34,United Kingdom
CUST-11782,5.07,15.62,58,0,84,Italy
CUST-11783,14.04,3.82,18,0,7,Germany
CUST-11784,10.35,7.24,126,1,97,Spain
CUST-11785,5.18,2.77,485,1,62,France
CUST-11786,8.68,17.85,226,2,57,Spain
CUST-11787,7.11,8.08,213,1,99,Spain
CUST-11788,11.51,4.59,153,0,93,Spain
CUST-11789,18.23,15.74,134,1,116,Italy
CUST-11790,5.0,8.59,242,3,76,United Kingdom
CUST-11791,10.5,14.44,64,1,5,France
CUST-11792,9.28,11.41,566,2,76,Spain
CUST-11793,13.49,4.13,69,3,93,United Kingdom
CUST-11794,10.98,5.87,257,2,35,United Kingdom
CUST-11795,7.11,4.69,74,1,84,Spain
CUST-11796,8.64,3.56,188,0,37,Spain
CUST-11797,6.97,2.18,275,4,60,United Kingdom
CUST-11798,16.19,26.86,41,0,65,France
CUST-11799,10.07,10.37,81,1,16,Spain
CUST-11800,23.47,11.36,86,2,30,Italy
CUST-11801,9.71,16.82,142,0,73,Spain
CUST-11802,7.25,5.82,205,3,42,United Kingdom
CUST-11803,5.05,2.94,491,1,61,Spain
CUST-11804,5.0,13.67,113,0,74,Spain
CUST-11805,5.0,3.35,472,1,77,Italy
CUST-11806,11.25,13.47,221,0,48,Germany
CUST-11807,12.54,2.57,67,1,62,France
CUST-11808,5.0,3.16,153,0,84,Germany
CUST-11809,14.92,5.41,51,2,93,Germany
CUST-11810,8.03,13.16,134,1,64,France
CUST-11811,10.66,22.12,127,1,57,Germany
CUST-11812,20.6,11.35,191,1,68,United Kingdom
CUST-11813,14.93,5.57,257,1,46,France
CUST-11814,8.84,15.21,162,1,113,Germany
CUST-11815,6.68,2.51,73,0,28,Spain
CUST-11816,5.0,4.31,409,1,101,Germany
CUST-11817,7.22,9.14,511,1,77,Spain
CUST-11818,9.07,13.95,151,2,3,Germany
CUST-11819,6.4,7.5,214,0,37,Spain
CUST-11820,9.4,6.95,145,3,48,Spain
CUST-11821,10.33,7.24,192,1,19,Spain
CUST-11822,9.01,16.73,199,0,92,Italy
CUST-11823,7.44,4.92,59,1,83,Spain
CUST-11824,10.76,4.09,136,1,17,France
CUST-11825,12.17,7.16,333,3,82,France
CUST-11826,6.11,18.15,315,2,82,Spain
CUST-11827,18.82,5.35,134,0,87,Italy
CUST-11828,9.54,7.22,202,0,40,Spain
CUST-11829,10.06,2.47,141,2,50,France
CUST-11830,13.72,7.43,264,2,73,United Kingdom
CUST-11831,11.08,10.05,41,1,29,Spain
CUST-11832,15.32,3.35,243,0,51,Spain
CUST-11833,11.35,16.75,427,0,42,Germany
CUST-11834,7.57,9.96,99,0,29,Italy
CUST-11835,11.74,5.96,390,0,66,Spain
CUST-11836,5.96,10.01,209,1,17,Spain
CUST-11837,10.47,11.78,162,0,120,Italy
CUST-11838,9.83,1.91,133,0,109,Spain
CUST-11839,9.08,10.26,399,2,31,United Kingdom
CUST-11840,9.41,17.76,142,0,92,United Kingdom
CUST-11841,5.0,4.87,468,1,107,Spain
CUST-11842,7.79,6.05,434,0,112,France
CUST-11843,10.4,6.78,119,5,52,Italy
CUST-11844,10.72,14.04,150,1,39,United Kingdom
CUST-11845,6.28,3.82,29,1,60,Germany
CUST-11846,17.63,11.44,166,1,94,France
CUST-11847,6.75,6.87,181,1,99,United Kingdom
CUST-11848,15.43,22.74,356,1,112,Spain
CUST-11849,12.09,7.15,449,3,51,Germany
CUST-11850,7.46,1.09,281,1,84,United Kingdom
CUST-11851,22.17,12.81,338,0,16,Spain
CUST-11852,5.83,11.07,150,2,98,Italy
CUST-11853,15.08,9.69,62,0,14,Germany
CUST-11854,15.65,17.47,208,1,90,Italy
CUST-11855,7.38,2.17,352,1,84,Spain
CUST-11856,18.66,4.36,10,1,42,Germany
CUST-11857,8.91,8.4,187,0,51,France
CUST-11858,11.36,9.36,34,2,24,Italy
CUST-11859,11.21,7.59,93,0,107,Italy
CUST-11860,9.39,2.5,192,0,82,Italy
CUST-11861,14.37,6.1,453,2,43,Italy
CUST-11862,14.25,21.79,174,3,73,Spain
CUST-11863,5.0,3.68,269,0,19,Germany
CUST-11864,17.94,8.27,207,0,84,Spain
CUST-11865,5.0,11.46,98,3,61,France
CUST-11866,15.87,13.79,236,0,106,Italy
CUST-11867,16.56,12.77,61,0,94,Spain
CUST-11868,6.1,5.78,172,1,63,France
CUST-11869,8.29,4.34,394,0,26,Germany
CUST-11870,6.06,22.85,196,1,95,Spain
CUST-11871,9.05,14.63,207,1,35,Spain
CUST-11872,8.68,8.8,134,3,67,Spain
CUST-11873,14.17,19.3,44,4,56,Spain
CUST-11874,17.99,2.46,145,1,40,France
CUST-11875,18.69,2.96,304,3,29,United Kingdom
CUST-11876,7.74,1.13,225,1,6,Spain
CUST-11877,9.08,9.29,64,1,52,Italy
CUST-11878,5.0,9.58,32,1,1,France
CUST-11879,6.94,2.73,97,0,52,United Kingdom
CUST-11880,15.4,14.31,146,2,24,Spain
CUST-11881,20.64,1.62,154,1,102,France
CUST-11882,5.72,10.63,156,2,34,United Kingdom
CUST-11883,7.64,12.21,173,1,115,France
CUST-11884,9.86,9.21,231,3,7,France
CUST-11885,11.31,2.42,127,1,75,Spain
CUST-11886,6.93,17.36,80,2,11,Italy
CUST-11887,12.07,5.92,249,1,36,United Kingdom
CUST-11888,8.06,5.93,309,0,20,United Kingdom
CUST-11889,9.91,5.12,112,0,63,Italy
CUST-11890,12.75,13.04,568,0,80,United Kingdom
CUST-11891,10.0,5.72,438,0,63,France
CUST-11892,8.2,3.41,68,1,69,France
CUST-11893,9.49,15.34,34,0,88,Spain
CUST-11894,9.59,8.14,151,1,30,Italy
CUST-11895,8.44,15.67,208,1,30,United Kingdom
CUST-11896,8.88,8.55,563,2,103,United Kingdom
CUST-11897,20.48,4.87,551,2,112,Italy
CUST-11898,12.84,1.86,269,0,111,United Kingdom
CUST-11899,8.73,9.31,129,1,101,France
CUST-11900,13.65,6.79,366,1,97,Germany
CUST-11901,8.58,13.38,188,0,84,Spain
CUST-11902,16.91,5.54,56,1,118,Spain
CUST-11903,11.78,10.84,58,0,22,Spain
CUST-11904,9.5,8.32,129,0,105,Italy
CUST-11905,12.2,4.56,328,0,61,Spain
CUST-11906,5.0,5.86,73,0,21,Spain
CUST-11907,6.01,2.9,129,1,37,Spain
CUST-11908,5.83,23.8,436,0,118,Spain
CUST-11909,10.64,10.69,225,0,27,France
CUST-11910,21.75,2.74,244,3,102,Italy
CUST-11911,27.22,23.08,335,2,35,Spain
CUST-11912,13.29,3.64,131,5,38,United Kingdom
CUST-11913,12.5,5.47,455,1,104,Germany
CUST-11914,5.0,7.13,275,1,60,United Kingdom
CUST-11915,7.81,8.45,158,1,70,Italy
CUST-11916,7.0,13.16,401,1,32,United Kingdom
CUST-11917,7.54,1.48,267,1,80,Spain
CUST-11918,9.25,8.54,170,0,92,Italy
CUST-11919,8.07,6.88,248,1,80,United Kingdom
CUST-11920,5.0,9.42,86,1,27,Spain
CUST-11921,13.97,6.65,367,0,117,Spain
CUST-11922,6.16,6.04,557,2,3,Italy
CUST-11923,11.11,7.7,42,1,49,Germany
CUST-11924,25.36,22.32,111,0,85,United Kingdom
CUST-11925,6.59,6.13,104,1,102,Germany
CUST-11926,5.0,16.88,286,2,102,United Kingdom
CUST-11927,8.77,9.16,201,1,30,Spain
CUST-11928,16.37,8.89,124,1,22,Germany
CUST-11929,24.08,9.48,139,0,19,Germany
CUST-11930,5.74,11.44,116,2,31,United Kingdom
CUST-11931,12.47,6.46,263,1,20,Spain
CUST-11932,8.09,16.18,198,2,111,Spain
CUST-11933,9.51,11.46,134,0,19,Germany
CUST-11934,32.78,3.12,117,1,2,Germany
CUST-11935,5.07,1.1,405,1,40,France
CUST-11936,11.18,21.91,361,1,39,Germany
CUST-11937,12.31,9.68,265,1,91,France
CUST-11938,16.26,2.81,337,3,72,Italy
CUST-11939,10.42,6.12,56,2,109,Spain
CUST-11940,11.46,14.63,73,0,54,United Kingdom
CUST-11941,8.36,7.4,66,4,27,United Kingdom
CUST-11942,11.26,7.86,174,2,79,Spain
CUST-11943,8.55,12.99,344,2,12,France
CUST-11944,13.19,10.28,126,2,111,Italy
CUST-11945,8.45,11.99,375,1,78,United Kingdom
CUST-11946,11.82,12.9,111,3,71,Italy
CUST-11947,9.84,4.97,157,0,17,United Kingdom
CUST-11948,16.56,5.33,125,0,90,United Kingdom
CUST-11949,9.75,4.54,148,1,101,France
CUST-11950,5.0,5.54,160,1,84,Spain
CUST-11951,17.6,7.65,33,1,10,United Kingdom
CUST-11952,6.64,8.03,221,1,19,France
CUST-11953,7.43,18.95,157,0,82,Italy
CUST-11954,7.63,9.97,454,1,30,France
CUST-11955,18.51,7.76,256,1,30,Spain
CUST-11956,5.0,3.82,214,5,25,Spain
CUST-11957,40.94,6.75,437,1,88,Italy
CUST-11958,16.04,22.9,409,2,74,United Kingdom
CUST-11959,11.03,22.69,467,2,66,Italy
CUST-11960,9.73,6.69,116,2,102,United Kingdom
CUST-11961,11.34,2.08,64,2,96,France
CUST-11962,12.61,6.08,33,1,35,France
CUST-11963,13.33,19.07,334,2,51,Spain
CUST-11964,12.81,7.69,28,0,101,France
CUST-11965,10.38,13.0,200,1,71,United Kingdom
CUST-11966,9.13,8.3,45,2,71,France
CUST-11967,9.32,2.62,366,1,27,Germany
CUST-11968,9.14,8.5,242,3,10,Spain
CUST-11969,16.61,14.08,364,4,97,France
CUST-11970,13.03,5.49,203,2,43,Spain
CUST-11971,5.0,13.85,80,1,55,Spain
CUST-11972,13.4,8.85,122,0,71,France
CUST-11973,10.89,13.4,312,0,6,Spain
CUST-11974,9.89,10.38,41,0,6,France
CUST-11975,8.37,4.02,115,1,77,Spain
CUST-11976,16.54,6.79,102,0,48,Spain
CUST-11977,15.28,6.64,162,0,77,Spain
CUST-11978,7.04,5.3,262,0,2,Spain
CUST-11979,11.98,9.86,358,0,83,Germany
CUST-11980,6.44,25.36,53,4,51,France
CUST-11981,5.36,16.19,85,0,61,Italy
CUST-11982,7.52,17.52,59,0,19,Spain
CUST-11983,14.7,5.06,166,1,114,Germany
CUST-11984,15.32,17.69,65,1,102,France
CUST-11985,12.56,21.27,220,0,2,Spain
CUST-11986,13.82,4.94,390,5,51,France
CUST-11987,12.58,11.12,35,1,26,France
CUST-11988,7.47,11.31,87,2,70,United Kingdom
CUST-11989,12.11,7.14,470,3,20,France
CUST-11990,14.3,9.35,196,2,23,United Kingdom
CUST-11991,14.01,11.66,116,0,54,Spain
CUST-11992,17.03,7.47,790,1,15,United Kingdom
CUST-11993,13.72,15.73,139,1,6,Italy
CUST-11994,11.68,3.13,255,2,92,United Kingdom
CUST-11995,16.14,6.62,90,0,35,United Kingdom
CUST-11996,9.86,13.16,77,1,75,France
CUST-11997,6.71,23.78,265,2,8,Germany
CUST-11998,9.27,16.33,498,2,57,Germany
CUST-11999,7.13,9.23,120,0,118,Spain
