equipment_id,tower_id,temperature,uptime,cpu_usage,memory_usage,error_count,maintenance_count,failure
EQ-5000,TWR-1000,56.46140420755811,4389.767279644114,54.860257773439265,63.168648525192744,1,2,0
EQ-5001,TWR-1001,51.19921350552494,1583.7319559929747,64.0092494651157,36.5833565506623,3,5,0
EQ-5002,TWR-1002,68.61966296988332,3337.260828636503,37.20590494343661,62.39742154529053,3,1,0
EQ-5003,TWR-1003,49.397349395587,1502.0431648382705,53.744578945292034,46.569747530088236,2,3,0
EQ-5004,TWR-1004,71.40663378654094,463.7161453758687,49.68861835596078,65.12820222378798,5,2,0
EQ-5005,TWR-1005,52.9548668822889,320.5817069002154,71.43447440491371,66.46748065358476,0,2,0
EQ-5006,TWR-1006,62.28209455721155,4566.637185363565,40.11532019241902,63.175964614436346,6,1,1
EQ-5007,TWR-1007,53.79102280649711,3998.0460049623434,46.33913224870009,63.437565534976315,2,6,0
EQ-5008,TWR-1008,49.6451587981601,362.4121385131707,48.17919854354754,75.56053341304089,2,0,0
EQ-5009,TWR-1009,42.74191606360941,2690.0362246976956,39.39070704625876,64.40109476735927,4,6,0
EQ-5010,TWR-1010,50.73158131011601,1091.5822857432518,49.358783387610984,57.40021166342928,5,2,0
EQ-5011,TWR-1011,44.83880987580309,528.2739204647586,61.35729009431737,74.62004113808528,2,3,0
EQ-5012,TWR-1012,41.7301611781872,4695.704842178177,93.4605680089704,54.17674369738297,3,5,1
EQ-5013,TWR-1013,60.05914718908804,4254.03147932818,55.9710482523719,70.8811805409223,4,0,0
EQ-5014,TWR-1014,64.07564577024301,2762.67897570419,8.79646784370749,59.04517724162888,3,7,0
EQ-5015,TWR-1015,54.92735882727969,374.77720297620425,38.71229575444818,60.68778180832351,11,0,0
EQ-5016,TWR-1016,55.94336660409772,4172.34785642233,56.40956939951892,52.68285076424386,5,6,0
EQ-5017,TWR-1017,45.63384937243087,3794.4993673357317,89.21533395108943,71.24582200267336,7,3,0
EQ-5018,TWR-1018,70.63498856002906,866.4047253232596,67.21435675329936,45.9741578771865,7,7,0
EQ-5019,TWR-1019,60.20798369303187,3116.3621697664685,38.05243764178877,64.14310199437708,1,3,0
EQ-5020,TWR-1020,54.712871424995015,178.1745415474121,56.05462676180898,41.88429348309755,0,2,0
EQ-5021,TWR-1021,41.44705451810342,166.87035763988368,42.328919804570404,59.28518796936639,5,6,0
EQ-5022,TWR-1022,71.27537066521532,309.77470256876,39.32656880421065,57.235395529788015,6,1,0
EQ-5023,TWR-1023,43.351660859118816,2959.298152486578,72.90377008746134,52.11193446760354,4,3,0
EQ-5024,TWR-1024,68.77058705066042,982.0722749040085,52.90911813007708,61.62238558328292,8,6,0
EQ-5025,TWR-1025,47.49043560481542,911.331387352896,82.73645108085793,60.661218238631925,4,4,0
EQ-5026,TWR-1026,47.43300649327625,4363.15518490722,87.48173079913398,56.49067394736538,5,2,0
EQ-5027,TWR-1027,27.37517288165342,2084.90221442603,44.60465564770235,78.80526355114927,5,1,0
EQ-5028,TWR-1028,49.01489207265849,1200.5808766274693,73.51598885159392,37.81451440877491,3,7,0
EQ-5029,TWR-1029,62.27968831394258,927.4732607571644,53.40339063554599,64.48524630166574,5,3,0
EQ-5030,TWR-1000,58.961873522728396,3272.3000151029396,25.90430509554212,37.72017765840217,4,4,0
EQ-5031,TWR-1001,56.059016921801025,1654.7040980564136,74.60606760605302,45.93922575127357,6,7,0
EQ-5032,TWR-1002,44.97521316617394,850.7620232201782,66.94212646199935,51.221519129547474,1,3,0
EQ-5033,TWR-1003,41.432718113956994,4134.50977502053,74.63521610904688,51.10630201939959,1,6,0
EQ-5034,TWR-1004,42.75809262183025,2309.071158537756,80.95106530409004,39.78375115821202,6,3,0
EQ-5035,TWR-1005,67.82423110493872,3378.6764881502622,45.312690963744515,74.7479411055736,1,4,0
EQ-5036,TWR-1006,78.3401860368337,4815.864617973496,67.18208094537874,87.34447291193797,7,1,1
EQ-5037,TWR-1007,46.809426828206504,1572.524991625819,65.59412006962903,68.62878156897165,5,5,0
EQ-5038,TWR-1008,46.27845628310298,2264.4780046128944,73.79341929991338,82.70936578696447,9,3,0
EQ-5039,TWR-1009,48.29368468235347,851.8146869626446,76.943934619787,40.001002639789476,4,2,0
EQ-5040,TWR-1010,56.90526281232346,3058.6731151653066,50.45972597669976,61.41915749075011,5,0,0
EQ-5041,TWR-1011,41.43079029517224,1538.9528577377368,48.15641286095507,47.64687072670441,2,6,0
EQ-5042,TWR-1012,45.761935239987054,3368.701477769434,43.330460766485025,56.82268026738958,0,6,0
EQ-5043,TWR-1013,43.5213474291045,4277.441918858642,85.66130717192611,35.48693149069307,3,3,0
EQ-5044,TWR-1014,67.8779667175541,1498.0380945467375,74.71191169648444,74.53351024561874,9,4,0
EQ-5045,TWR-1015,68.06716791787512,3139.847985957234,56.64695275994741,44.237943783760876,2,0,0
EQ-5046,TWR-1016,47.309157114299936,3647.556709301318,67.01968259874995,66.38058899059972,5,5,0
EQ-5047,TWR-1017,55.04610653250364,2697.172236740691,47.84016639654402,42.54045037387756,5,7,0
EQ-5048,TWR-1018,53.0029129271782,3734.865631278488,75.91799942612228,51.85887418691642,4,2,0
EQ-5049,TWR-1019,54.42100414659154,1038.7231052184243,51.747772324600746,53.431202989557555,9,6,0
EQ-5050,TWR-1020,54.985298636571386,2812.0830879026403,82.22283469638234,43.121630091900045,5,6,0
EQ-5051,TWR-1021,53.554301307200525,671.2379032195254,42.18554228500973,69.59008048968283,2,3,0
EQ-5052,TWR-1022,59.26512898485299,4759.386022276923,56.94295777809309,52.38936189446822,8,2,0
EQ-5053,TWR-1023,45.158031411440334,3554.909133265459,69.89117453984503,52.10970258857228,5,1,0
EQ-5054,TWR-1024,45.89327598853062,1524.848873329459,75.6733773057748,68.5470396013865,6,5,0
EQ-5055,TWR-1025,46.491815575276384,4415.083346632768,48.335640425736514,70.98307347330477,8,5,0
EQ-5056,TWR-1026,47.22913678808891,610.9055554615421,53.683935830744495,71.88930679096633,9,1,0
EQ-5057,TWR-1027,49.5018603974531,207.0111949024021,74.66655695071934,59.57088561156343,5,7,0
EQ-5058,TWR-1028,44.88190196784879,4116.236555336521,67.12494316162446,57.63498519458519,5,6,0
EQ-5059,TWR-1029,59.86745669802018,3948.059943813298,43.39087312823867,55.34364655491478,3,4,0
EQ-5060,TWR-1000,49.59931271722148,2052.957549510908,58.17452564740687,59.87452160328753,3,5,0
EQ-5061,TWR-1001,56.1292544782587,1015.7568124825019,56.804820126847574,38.0291230680337,4,1,0
EQ-5062,TWR-1002,56.570589438028186,970.3824696407615,65.39535664898298,55.909179304398975,5,2,0
EQ-5063,TWR-1003,69.54518995108037,4872.263297811548,63.28617278778397,76.04834003070422,8,5,0
EQ-5064,TWR-1004,67.56655154557608,3168.369185819732,74.44335951764745,57.73769001358831,4,3,0
EQ-5065,TWR-1005,61.15496532788358,3195.303284408876,51.32751199338273,75.8930622064008,6,5,0
EQ-5066,TWR-1006,55.541410010916984,4490.473495316464,62.40175161454016,59.382026326483775,4,2,0
EQ-5067,TWR-1007,40.29767632536508,1355.1586191721497,70.628395819026,45.38541853656222,1,1,0
EQ-5068,TWR-1008,64.35536750458974,1787.168721357973,90.81949642189348,60.08915665879758,6,6,1
EQ-5069,TWR-1009,55.19646974151901,425.33194481456917,71.56973275611962,47.34977030530987,6,7,0
EQ-5070,TWR-1010,41.19749696216189,692.2236263728781,39.1219570520561,68.6417772709208,4,4,0
EQ-5071,TWR-1011,43.75072900813195,3189.1260763275777,55.814932057455266,63.134221797081814,4,6,0
EQ-5072,TWR-1012,61.843748811686304,2527.1203392898387,12.579260587140638,43.229534631818794,9,5,0
EQ-5073,TWR-1013,48.92296091810513,4602.194014260316,72.6874749628362,68.80599811294607,6,3,0
EQ-5074,TWR-1014,51.14140298085399,2219.8054802665647,50.92701592279758,46.123192009272,6,7,0
EQ-5075,TWR-1015,54.95332408053349,2548.333364831497,38.53444880456803,33.832151796231244,4,1,0
EQ-5076,TWR-1016,44.932477345350854,906.7401501157889,63.05327837586763,25.685320241127542,12,0,0
EQ-5077,TWR-1017,65.50891445579708,4209.423551790454,60.4856807637325,44.56819582941922,11,7,0
EQ-5078,TWR-1018,52.98859858554773,1071.3783841542586,46.813739799250484,73.95521778713028,3,5,0
EQ-5079,TWR-1019,64.02954375353261,1854.077790592251,73.36389760146001,50.620464725671454,6,4,0
EQ-5080,TWR-1020,56.803673028140345,4133.978211812823,62.88961447424932,77.49912996626469,8,2,0
EQ-5081,TWR-1021,59.89432048547298,2832.308015117136,79.02583833305532,66.68411883431241,2,6,0
EQ-5082,TWR-1022,53.35391958088046,3531.645614926999,54.22867828226635,48.955246045335464,4,2,0
EQ-5083,TWR-1023,52.760512109883784,3547.219814275564,39.55997250360046,66.04105899102674,7,2,0
EQ-5084,TWR-1024,52.665110592915696,969.0816747680578,48.40298383454175,60.323883788546986,4,0,0
EQ-5085,TWR-1025,57.304677362969606,2385.129839665492,63.35029908626018,28.757530801986935,6,4,0
EQ-5086,TWR-1026,65.2231505039441,1615.094756034233,67.29158170954082,50.47619678982393,3,4,0
EQ-5087,TWR-1027,56.11434404661375,3989.1129160640344,74.49818883871882,43.994812609842064,5,2,0
EQ-5088,TWR-1028,68.02929129180782,300.556283648429,70.19997391185485,67.69457259359552,7,4,0
EQ-5089,TWR-1029,48.97733968833517,2646.746227232654,80.24987253789425,73.20992264192502,3,7,0
EQ-5090,TWR-1000,49.444697987104554,575.3721362436055,88.30562568716739,55.652355538049854,5,7,0
EQ-5091,TWR-1001,58.036319108841624,2840.974692926906,79.95647313549597,18.151328371402272,8,7,0
EQ-5092,TWR-1002,53.83481017113675,997.1517809930592,64.84151044626732,72.4877091783089,3,7,0
EQ-5093,TWR-1003,44.35876140403292,2095.8605850106587,46.03614486941848,75.49712053900092,5,3,0
EQ-5094,TWR-1004,57.855460824937694,1830.9788764896648,88.22413751044002,75.88792845574069,5,0,0
EQ-5095,TWR-1005,67.6042675217956,2610.4251122477126,59.92597393826716,35.463283849599506,3,0,0
EQ-5096,TWR-1006,42.026810061902026,1697.4215746140455,43.165660034226796,74.73074744960348,4,6,0
EQ-5097,TWR-1007,46.04995596371708,4790.813518254036,51.17952116378593,34.119615850172096,3,0,1
EQ-5098,TWR-1008,60.48492860164757,892.291531795273,72.5378248677765,71.51280174936728,3,6,0
EQ-5099,TWR-1009,52.599832336417116,3122.2923468212716,52.501121065563495,59.47864778359094,6,2,0
EQ-5100,TWR-1010,52.21574592573914,3798.981078880158,29.015279566247717,29.38969922656754,4,3,0
EQ-5101,TWR-1011,50.945745830355136,1508.0102279343462,43.11994834557732,65.52652081740011,4,1,0
EQ-5102,TWR-1012,58.33523185572898,930.0581502381034,70.94438447546378,52.50988844381296,5,4,0
EQ-5103,TWR-1013,53.48809850214994,1922.2507754979938,42.424447163791626,65.03503943280776,4,3,0
EQ-5104,TWR-1014,33.35809752552059,1149.0697072255375,67.02293190961679,62.9680696161917,9,3,0
EQ-5105,TWR-1015,56.38475119286964,2085.8126545602204,43.06677863931937,70.87045528598185,4,7,0
EQ-5106,TWR-1016,48.557037491223326,2542.7472927872154,47.17871383454174,93.10340992893836,3,5,0
EQ-5107,TWR-1017,53.13743725032504,3534.5638668248002,68.08138379909131,51.70011926063737,3,1,0
EQ-5108,TWR-1018,32.9032912088582,1542.6653725450878,40.28765497443135,63.372683427679036,7,7,0
EQ-5109,TWR-1019,41.16916157396017,2092.8404381369082,66.31927556420362,43.14328561170723,7,4,0
EQ-5110,TWR-1020,64.89965158318819,1981.0225800166552,6.730241225307459,73.38008303011675,3,1,0
EQ-5111,TWR-1021,52.65144167535711,470.3081510940754,27.550805448537446,44.27876379473458,4,7,0
EQ-5112,TWR-1022,50.71895133159162,209.41923687143824,45.418514901441554,47.73884098868095,8,7,0
EQ-5113,TWR-1023,53.12484334200916,1492.184380137647,85.83738939227122,54.97231613879204,8,7,0
EQ-5114,TWR-1024,51.583811364678695,174.55437454107727,41.56816488298111,59.8536618028168,5,4,0
EQ-5115,TWR-1025,45.09051565356843,3470.5717417175583,77.07311445477188,80.50173058609514,8,6,0
EQ-5116,TWR-1026,56.551879210589746,2608.016644857972,44.33157439564508,67.26168994737239,8,5,0
EQ-5117,TWR-1027,56.78253024605567,1219.9763948838342,38.49829608857101,48.4636355336946,5,7,0
EQ-5118,TWR-1028,43.20872886555213,3334.3675439751923,70.26697621447546,80.33333727617878,6,7,0
EQ-5119,TWR-1029,60.67060038488265,1211.3950056906333,31.24162195397755,55.01886108508833,5,0,0
EQ-5120,TWR-1000,59.14826971089272,4362.90581782382,54.64500597947662,38.81295524389394,0,0,0
EQ-5121,TWR-1001,42.26242465784739,4422.58585638522,58.030091366736656,77.15026663858706,7,2,0
EQ-5122,TWR-1002,44.436082380588665,1391.6732848247837,106.08410018403706,76.50782380772127,4,3,1
EQ-5123,TWR-1003,54.34170862100825,1058.2563730477953,59.342992221253745,64.86459083544644,5,0,0
EQ-5124,TWR-1004,66.377734319695,4932.702113117336,38.91366705794166,60.31944150223153,4,2,0
EQ-5125,TWR-1005,52.76274830319395,1539.3051919648215,29.035280770585437,80.20830344736834,5,5,0
EQ-5126,TWR-1006,52.73339616897341,3998.6212660700835,69.44174207817703,58.82921358175692,4,6,0
EQ-5127,TWR-1007,32.97226839854808,3657.229560950328,47.33509200864794,81.22741683182072,10,3,0
EQ-5128,TWR-1008,54.29937549710667,4680.386575927226,69.97947162809692,69.07070051361018,2,1,1
EQ-5129,TWR-1009,62.91612048479123,669.4630873574974,84.36847591967157,59.09195318451622,6,7,0
EQ-5130,TWR-1010,52.051393025376356,1226.8098078970008,75.14847176935899,56.64409870753141,3,6,0
EQ-5131,TWR-1011,65.86549389352611,3048.0855431002205,56.733571035425314,81.73206099711341,11,4,0
EQ-5132,TWR-1012,44.03180429166764,731.9074819207335,40.49823298725351,51.28064859012311,3,0,0
EQ-5133,TWR-1013,37.966919180408546,1331.7021860996952,71.81642567961272,42.7951082243391,5,6,0
EQ-5134,TWR-1014,59.892897147525254,3614.366777343477,75.6593881136813,54.92434145298183,3,1,0
EQ-5135,TWR-1015,49.88958437474637,1690.0172282614835,76.94272095604092,55.11048621751344,4,2,0
EQ-5136,TWR-1016,68.45673620205291,4641.189558966565,51.67121271376722,33.04277995567534,2,1,1
EQ-5137,TWR-1017,49.59653162267456,522.7150376520983,71.41924110411256,16.956833637073196,6,1,0
EQ-5138,TWR-1018,52.97214304910059,4493.250206170421,90.08991397311392,64.57607795759002,7,7,1
EQ-5139,TWR-1019,55.11050413910446,4483.070745208147,50.26494542279123,62.07205950488006,5,5,0
EQ-5140,TWR-1020,58.82901081486236,2935.9331683978507,26.320600886463886,28.474697693956816,11,4,0
EQ-5141,TWR-1021,68.57344749913166,140.30189590237035,78.33892593551553,90.4806764358269,2,6,0
EQ-5142,TWR-1022,54.84575792475096,3249.9632343630465,25.18061796511894,64.31634063721094,4,1,0
EQ-5143,TWR-1023,66.25944369470264,3263.4741371758487,45.41142596066381,62.32528661828205,7,1,0
EQ-5144,TWR-1024,49.50698158969246,2761.422663882748,58.33658055968071,48.72813206970639,10,0,0
EQ-5145,TWR-1025,81.34591683023007,593.4804940667505,65.75167290481865,36.51088233914936,9,0,1
EQ-5146,TWR-1026,59.21426910771563,4472.726941165391,72.13854395797354,21.533155527434417,3,3,0
EQ-5147,TWR-1027,56.08285712042303,174.81937060461263,65.45821125398722,77.14100242689459,4,6,0
EQ-5148,TWR-1028,49.676690143921846,1710.2806225271745,59.02650866556391,81.20208029480004,10,5,0
EQ-5149,TWR-1029,73.87129153432916,964.1671085065791,44.25395299835918,55.820955662576274,0,1,0
EQ-5150,TWR-1000,65.73599058347222,416.89181927685416,75.34151491407256,48.944817765417085,6,4,0
EQ-5151,TWR-1001,62.72246153378812,461.44363268050375,81.13544475178375,66.64996856635187,0,4,0
EQ-5152,TWR-1002,37.16950217817508,2683.6208546321036,71.65676975721962,59.38379326956835,2,6,0
EQ-5153,TWR-1003,34.90229031546008,3643.9285071573922,52.46919250725527,45.18303333399434,5,3,0
EQ-5154,TWR-1004,48.44169260698728,3325.052626931091,69.06552171947683,72.19786230078468,4,1,0
EQ-5155,TWR-1005,53.5356589160367,1327.9298286364706,70.54543815541511,63.29249541958005,6,2,0
EQ-5156,TWR-1006,49.83740130924683,2756.089380299614,63.97898925423894,46.10063129712445,4,1,0
EQ-5157,TWR-1007,66.08327776754918,2991.6948928921843,41.284932556007206,23.129445302656237,4,6,0
EQ-5158,TWR-1008,59.78386630024844,518.3727540410912,67.96909131835673,67.49996353052377,3,5,0
EQ-5159,TWR-1009,40.783771262085295,2125.480153587029,33.62056955773231,53.63361459619331,5,5,0
EQ-5160,TWR-1010,52.99747657247798,423.08140947138475,39.157937544043534,53.02059867385134,4,6,0
EQ-5161,TWR-1011,47.77298306122998,1888.0745988095646,56.82424831855797,42.41439718908745,6,1,0
EQ-5162,TWR-1012,47.060473255001924,2486.9371257080575,77.35910010341037,97.20101626989661,4,3,0
EQ-5163,TWR-1013,79.02716170415262,359.0294103356129,68.38005009689843,48.79808093630908,4,5,1
EQ-5164,TWR-1014,53.82994595360032,1419.744991336595,82.54011208589506,71.95113928320518,4,0,0
EQ-5165,TWR-1015,61.89491671165433,2257.971163392589,81.7442706233036,45.492235931143405,9,4,0
EQ-5166,TWR-1016,67.76947742278233,338.7795281672304,92.03500556763808,61.75716084613788,4,7,1
EQ-5167,TWR-1017,53.38171007509171,2416.370765104387,20.63595813265031,60.57830714077445,4,7,0
EQ-5168,TWR-1018,41.36165853606127,3482.823319940902,76.06783714735846,43.25839792965481,5,5,0
EQ-5169,TWR-1019,62.649269885327165,2949.356287933354,71.48230930614714,38.73921838645697,3,7,0
EQ-5170,TWR-1020,60.9519585445667,4160.575729061323,52.555561598072316,63.49840984646716,3,5,0
EQ-5171,TWR-1021,57.5735823557373,1102.1374766422082,63.67440621621078,74.08199622791375,6,0,0
EQ-5172,TWR-1022,52.01353676484922,1868.4042126652719,32.758654659371075,54.44434269776423,2,5,0
EQ-5173,TWR-1023,48.505577307993846,1226.069305292789,45.97879949825479,52.28411262347071,5,7,0
EQ-5174,TWR-1024,55.75074250554919,1626.46153691606,56.14331287117702,63.34215532903943,4,7,0
EQ-5175,TWR-1025,52.46940743458103,903.4595496025594,67.31819015381144,55.21628937796691,6,1,0
EQ-5176,TWR-1026,50.17078500158873,1141.1231362221904,46.67954930341644,63.59884216816134,8,7,0
EQ-5177,TWR-1027,51.935999460400566,1792.5853085971594,74.75880971393093,54.4525220679799,8,1,0
EQ-5178,TWR-1028,56.339617693120395,3477.0598977352183,73.47131368642484,65.05722239539854,2,3,0
EQ-5179,TWR-1029,55.587923294351015,1088.8524117984102,39.59682425024094,50.4124672827476,7,1,0
EQ-5180,TWR-1000,64.22409850561539,1525.9206860837867,38.36031638806928,65.07007465498748,5,4,0
EQ-5181,TWR-1001,58.37702852210821,184.8947249057254,48.41643129905206,33.71762408359257,3,3,0
EQ-5182,TWR-1002,50.543469349802436,2836.3497524777827,49.919880924914345,48.80883658255592,1,2,0
EQ-5183,TWR-1003,48.08518748375637,4141.955026017295,30.058656140595847,63.5055148328506,1,1,0
EQ-5184,TWR-1004,64.39159562222336,1308.1433972755312,79.08964618538397,74.82654864818605,8,4,0
EQ-5185,TWR-1005,49.676534074685875,3047.2706067524255,70.35298630845845,71.76151771971665,3,4,0
EQ-5186,TWR-1006,40.259417202089054,2031.1043780843981,50.845301353170285,63.55255810760341,8,1,0
EQ-5187,TWR-1007,70.52532438189033,4084.2939402537863,60.461947831526494,88.35446119772061,7,7,0
EQ-5188,TWR-1008,42.130881060704496,1678.3138171532205,51.941081244817,46.1311890175797,4,0,0
EQ-5189,TWR-1009,46.849912317209274,314.8298781823088,52.270051967143125,55.674550300838874,3,5,0
EQ-5190,TWR-1010,57.94262372471414,515.1704069309936,71.79019591364667,63.27020390658621,3,0,0
EQ-5191,TWR-1011,58.22970146070836,3413.39001833536,119.44645249592853,55.7513515375564,8,1,1
EQ-5192,TWR-1012,52.25169897156383,1996.4773833966985,51.999722195437556,59.10526319981849,9,6,0
EQ-5193,TWR-1013,33.572108943072124,4064.8302692034426,51.19579681547949,56.37144995127961,7,4,0
EQ-5194,TWR-1014,62.09828422386169,454.13146064755415,45.047122554241966,68.77864554275257,5,3,0
EQ-5195,TWR-1015,51.104631665147124,3541.2174174424113,49.59554747251802,75.73634381660608,9,6,0
EQ-5196,TWR-1016,55.58374408925816,1059.092292132907,62.38554648759415,74.66882613125978,6,2,0
EQ-5197,TWR-1017,33.85651233880722,3802.177752063028,48.65069650595869,75.89039162758199,11,3,0
EQ-5198,TWR-1018,60.187927568101436,3951.3787713624556,81.93886778546239,73.3929164699288,4,0,0
EQ-5199,TWR-1019,54.045741780261764,3273.7342447438464,70.28297920754125,55.15102672511911,4,2,0
EQ-5200,TWR-1020,77.42793251133924,1345.9388405968477,73.70050451805183,60.39781019871101,4,4,1
EQ-5201,TWR-1021,34.96541583022584,4901.926779954574,68.28807113401811,57.90142432552882,8,5,0
EQ-5202,TWR-1022,50.744929284000044,2631.2729617530076,76.3000151342737,68.09074015870851,3,6,0
EQ-5203,TWR-1023,81.77679516245759,450.9284106194032,81.04196979974859,61.10046780378821,5,4,1
EQ-5204,TWR-1024,58.138082561563266,344.90174424396434,55.22703690656965,80.65970111370751,5,1,0
EQ-5205,TWR-1025,49.05311236471936,2252.531004974792,90.32739293555505,73.43447527761828,4,3,1
EQ-5206,TWR-1026,64.93494738988694,585.7197014144299,76.30290174030296,101.45764905139023,7,7,0
EQ-5207,TWR-1027,48.30121810286286,936.5501873749819,46.12236701219745,55.8991881706062,5,4,0
EQ-5208,TWR-1028,67.08504393355152,3666.242613192007,62.17660237632737,58.2804472730474,4,0,0
EQ-5209,TWR-1029,56.14369075251947,2338.590613724977,60.131390881716555,45.1287355858441,8,6,0
EQ-5210,TWR-1000,39.53688136411431,2783.3761116833666,68.12179553369786,75.71840774130573,5,5,0
EQ-5211,TWR-1001,55.46882862656126,1477.221295051281,26.89517089082773,92.90790241271154,2,7,0
EQ-5212,TWR-1002,48.988645816623304,2672.733189883381,88.1753264391645,45.02305864544563,10,5,0
EQ-5213,TWR-1003,40.11604508058224,1444.960856790189,76.45533589702362,51.08243758049797,6,6,0
EQ-5214,TWR-1004,72.86214546096852,2040.5647934656542,62.70030479599828,90.49021131624582,3,0,0
EQ-5215,TWR-1005,49.4582465149438,4729.927555801775,54.37815320938352,84.96452092491651,2,1,1
EQ-5216,TWR-1006,71.54506976568429,4579.344423268893,36.544985167642594,65.36059546232589,6,6,0
EQ-5217,TWR-1007,45.50993513740838,4581.986809761084,63.09421106399874,59.40317952821256,7,6,0
EQ-5218,TWR-1008,67.67057760558862,374.7872587825579,66.12516648897761,77.92409073005634,3,2,0
EQ-5219,TWR-1009,54.327353245286766,1796.7440566367047,47.2549797356033,81.04450523392616,3,5,0
EQ-5220,TWR-1010,60.78295952861631,354.89610847146633,10.276697431532341,69.6839570712542,6,3,0
EQ-5221,TWR-1011,63.13184694196581,131.98147251075628,41.366451140477494,60.70596384247521,3,1,0
EQ-5222,TWR-1012,54.170459887493394,3882.1659244633715,66.5698054951328,62.6591461383464,4,7,0
EQ-5223,TWR-1013,39.94336813970023,2484.909049900568,59.909281888599786,48.09269014292499,6,1,0
EQ-5224,TWR-1014,60.564826209259195,584.9603832378257,54.07944062840704,48.449553126909635,3,0,0
EQ-5225,TWR-1015,58.959672527918656,4951.248136261705,53.544029655919175,50.82902861570552,5,0,1
EQ-5226,TWR-1016,64.02360306662939,3131.1406923306636,46.29702054774577,63.33725883961386,7,4,0
EQ-5227,TWR-1017,43.52254231072056,3635.412299001556,71.03776102116963,77.33955888634463,5,1,0
EQ-5228,TWR-1018,72.3515940860087,1974.0350632267011,89.07521585283057,57.87314273161678,8,3,0
EQ-5229,TWR-1019,70.6454905720895,1418.5247446511046,90.09395503739191,39.50669393074887,7,3,1
EQ-5230,TWR-1020,70.3292947332708,1465.7667362838765,75.55856596316693,68.182846211968,6,5,0
EQ-5231,TWR-1021,43.274423422350694,3385.003870297621,65.9499145328322,47.874258990794175,4,4,0
EQ-5232,TWR-1022,42.771171056116444,1145.440191945299,43.67773391272915,29.41197051187521,6,5,0
EQ-5233,TWR-1023,77.88345253718389,3943.7223752468244,79.7952611502331,86.76700078815423,3,5,1
EQ-5234,TWR-1024,63.139157491823994,4429.948370704415,76.33168493723511,81.42668258430663,4,7,0
EQ-5235,TWR-1025,59.979728648709425,3071.2158945167243,82.13953740849354,51.70236452214613,6,5,0
EQ-5236,TWR-1026,53.83594634807367,4134.058504825999,80.31321751730766,64.19421039933786,8,1,0
EQ-5237,TWR-1027,68.66595427283633,4877.384741539258,43.05912779455252,78.75913849375499,3,0,1
EQ-5238,TWR-1028,50.57318766796046,1176.9667785990068,52.428245168591666,55.56462776093308,2,0,0
EQ-5239,TWR-1029,43.457204175962175,1247.0284372436051,52.70127939736623,74.47990891824577,6,3,0
EQ-5240,TWR-1000,48.250523931674266,3991.0208331967942,49.8809976629372,74.29297786504594,5,0,0
EQ-5241,TWR-1001,59.693206644653046,4167.085891950947,82.93802072779518,63.98896448032372,6,1,0
EQ-5242,TWR-1002,48.0021713039099,3609.3535236824246,84.94151327773397,93.55169078901173,6,2,0
EQ-5243,TWR-1003,73.0003275608336,3624.8369180336454,81.52037771986483,51.45265980375684,7,0,0
EQ-5244,TWR-1004,42.96453859683397,149.14861508818316,81.46390361242665,55.77601072302927,8,4,0
EQ-5245,TWR-1005,65.06681229312092,2786.565127994115,54.745967451536956,56.183947329093726,7,3,0
EQ-5246,TWR-1006,57.81526935292765,4200.985443475282,95.35051206293736,82.57527212036686,5,1,1
EQ-5247,TWR-1007,45.5167529460182,4768.530935654979,75.56649546774099,66.95797059165176,7,2,0
EQ-5248,TWR-1008,59.162956208083,4028.8781350829418,59.97126997807692,55.34991710862053,3,6,0
EQ-5249,TWR-1009,49.602306909541106,3797.4820954389293,75.99597121214384,24.296902484980144,7,6,0
